English,Tulu
water,ನೀರ್
home,ಇಲ್ಲ್
house,ಇಲ್ಲ್
she,ಆಲ್
he,ಆಯೆ
him,ಅಯಗ್
her,ಆಲೆನ
breakfast,ತಿಂಡಿ
lunch,ಒಣಸ್
dinner,ರಾತ್ರೆದ ಒಣಸ್
morning,ಕಾಂಡೆ
afternoon,ಮಧ್ಯಾನ
evening,ಬಯ್ಯ
them,ಅಕಲೆಗ್
they,ಅಕುಲು
father,ಅಮ್ಮೆ
mother,ಅಪ್ಪೆ
elder sister,ಮಲ್ಲ ಅಕ್ಕ
younger sister,ಎಲ್ಯ ಅಕ್ಕ
brother,ಪಲಯೆ
elder brother,ಮಲ್ಲ ಅಣ್ಣೆ
younger brother,ಎಲ್ಯ ಮೆಗ್ಯೆ
sister,ಮೆಗ್ದಿ
uncle,ಮಾಮು
aunty,ಮಾಮಿ
How are you,ಯೀರ್ ಎಂಚ ಉಲ್ಲರ್
Where are you,ಈರ್ ಓಲುಲ್ಲಾರ್
what are you doing,ಯೀರ್ ಎಂಚಿನ ಮಲ್ತೊಂದುಲ್ಲರ್
wife,ಬೊಡೇದಿ
Nephew,ಅರ್ವತ್ತೆ
husband,ಕಂಡನೆ
year,ಒರ್ಸಾ/ಒಡು
month,ತಿಂಗೊಲ್
moon light,ತಿಂಗೊಲ್ದ ಬೊಲ್ಪು
time,ಪೊರ್ತು
day,ದಿನ
week,ವಾರ
date,ತೇದಿ
new moon day,ಅಮಾಸೆ
full moon day,ಪುನ್ನಮೆ
sunday,ಐತಾರ
monday,ಸೋಮಾರ
tuesday,ಅಂಗಾರೆ/ಮಂಗ್ಳಾರ
wednesday,ಬುದಾರ
thursday,ಗುರ್ವಾರ
friday,ಸುಕ್ರಾರ
saturday,ಸನಿಯಾರ
sweet,ಚೀಪೆ
bitter,ಕೈಪೆ
salty,ಉಪ್ಪು
sour,ಪುಲಿ
spicy,ಕಾರ
Insipid,ಚಪ್ಪೆ
Astringent,ಕನರ್ಪೆ/ಕನೆರ್/ಚೊಗರ್
tiger,ಪಿಲಿ
lion,ಸಿಂಹ
bear,ಕರೊಡಿ
dog,ನಾಯಿ
fox,ಕುದುಕೆ
goat,ಏಡ್
bull,ಬೋರಿ
snake,ನಾಗೆ/ಉಚ್ಚು
squirrel,ಚನಿಲ್
turtle,ಏಮೆ
mouse,ಇಲಿ
cow,ಪೆತ್ತ
monkey,ಮಂಗೆ/ಕುರಂಗೆ
pig/boar,ಪಂಜಿ
cat,ಪುಚ್ಚೆ
this is for you,ಉಂದು ನಿಕ್
I go to school,ಯಾನ್ ಸಾಲೆಗ್ ಪೊಪೆ
you write one story every week,ಇರ್ ವಾರೊಗು ಒಂಜಿ ಕತೆ ಬರೆಪರ್
Dog barks at night daily,ನಾಯಿ ದಿನೊಲಾ ರಾತ್ರೆ ಕೊರೆಪುಂಡು
I wash my bike every Sunday,ಯಾನ್ ಎನ್ನ ಬೈಕ್ನ ಪ್ರತಿ ಐತಾರ ದೆಕ್ಕುವೆ
cow gives milk,ಪೆತ್ತ ಪೇರ್ ಕೊರ್ಪುಂಡು
birds fly in the sky,ಆಕಾಶೊಡು ಪಕ್ಕಿಲು ರಾಪ
i will go home tomorrow,ಯಾನ್ ಎಲ್ಲೆ ಇಲ್ಲಡೆ ಪೊಪೆ
i will meet you on sunday,ಯಾನ್ ನಿಕ್ ಐತಾರ ತಿಕ್ಕುವೆ
everything will be fine,ಮಾತಲ ಸಮ ಆಪುಂಡು
i will wait for you,ಯಾನ್ ನಿಕ್ ಕಾಪುವೆ
always,ಎಪೊಲ
children went to school,ಜೊಕುಲು ಸಾಲೆಗ್ ಪೊಯೆರ್
I learnt tulu,ಯಾನ್ ತುಳು ಕಲ್ತೆ
I closed the door,ಯಾನ್ ಬಾಕಿಲ್ ಪಾಡಿಯೆ
I had work yesterday,ಯೆಂಕ್ ಕೋಡೆ ಬೇಲೆ ಇತ್ತಂಡ್
I opened the door,ಯಾನ್ ಬಾಕಿಲ್ ದೆತ್ತೆ
he felt bad,ಆಯೆಗ್ ಬೆಜಾರ್ ಆಂಡ್
the rice is cooked,ನುಪ್ಪು ಬೆಯ್ತಂಡ್
guests,ಬಿನ್ನೆರ್
I have seen that movie three times,ಯಾನ್ ಆ ಮುವಿ ಮುಜಿ ಸರ್ತಿ ತುತೆ
they have bought a new car,ಅಕುಲು ಒಂಜಿ ಪೊಸ ಕಾರ್ ದೆತ್ತೊಂದೆರ್
beautiful girl,ಪೊರ್ಲುದ ಪೊನ್ನು/ಶೊಕುದ ಪೊನ್ನು
I saw one big house,ಯಾನ್ ಒಂಜಿ ಮಲ್ಲ ಇಲ್ಲನ್ ತುಯೆ
He is my old friend,ಆಯೆ ಎನ್ನ ಪರ ದೊಸ್ತಿ
There are seven rooms in my house,ಎನ್ನ ಇಲ್ಲಡ್ ಏಳ್ ಕೋಣೆ ಉಂಡು
hundred people,ನೂದು ಜನ
warm,ಬೆಚ್ಚ
happy life,ಸುಖತ ಬದ್ಕ್
You should sleep early,ಈ ಬೇಗ ಜೆಪ್ಪೊಡು
should i go,ಯಾನ್ ಪೊವೊಡಾ
what should i do,ಯಾನ್ ದಾದ ಮಲ್ಪೊಡು
you may go now,ಈ ಇತ್ತೆ ಪೊವೊಲಿ
may i come in,ಯಾನ್ ಉಲೈ ಬರೊಲಿಯೆ
should not tell a lie,ಸುಳ್ಳು ಪಂಡ್ರೆ ಬಲ್ಲಿ
they could not speak yesterday,ಅಕ್ಲೆಗ್ ಕೋಡೆ ಪಾತೆರೆ ಆಯಿಜಿ
when did you come,ಈ ಯೆಪ ಬತ್ತಿನಿ
let us meet this evening,ಇನಿ ಬಯ್ಯಗ್ ತಿಕ್ಕ್ಗ್
I will come lately,ಯಾನ್ ಒಂತೆ ತರಿದ್ ಬರ್ಪೆ
here,ಮುಲ್ಪ/ಮುಲು
There,ಅಲ್ಪ/ಔಲು
down/below,ತಿರ್ತ
above/upon,ಮಿತ್
Go there,ಅಡೆ ಪೊ
look there,ಅಲ್ಪ ತುಲಾ
you were in front of me,ಈ ಎನ್ನ ಎದುರುಡು ಇತ್ತ
move forward,ದುಂಬು ಪೊಲೆ
come back,ಪಿರ ಬಲೆ
don't go anywhere,ಒಡೆಲಾ ಪೊವೊಡ್ಚಿ
college,ಕಾಲೇಜ್
will you come today,ಈರ್ ಇನಿ ಬರ್ಪರ್
Where do you live,ಈರ್ ಓಲು ಉಪ್ಪುನು
I,ಯಾನ್
You,ಈರ್
how did you come,ಇರ್ ಏಂಚ ಬತ್ತಿನಿ
god bless you,ದೇವೆರ್ ಎಡ್ಡೆ ಮಲ್ಪಡ್
Don't do like that,ಅಂಚ ಮಲ್ಪೊಡ್ಚಿ
I will come soon,ಯಾನ್ ಬೇಗ ಬರ್ಪೆ
Speak a bit louder,ಒಂತೆ ಜೋರುಡು ಪಾತೆರ್ಲೆ
Speak a bit softer,ಒಂತೆ ಮೆಲ್ಲ ಪಾತೆರ್ಲೆ
This work should be done quickly,ಈ ಬೇಲೆ ರಪ್ಪ ಆವೊಡು
Suddenly it rained,ಒರಾನೆ ಬರ್ಸಾ ಬತ್ತಂಡ್
I will go and come quickly,ಯಾನ್ ರಪಕ್ಕ ಪೊದು ಬರ್ಪೆ
she sings very nicely,ಆಲ್ ಮಸ್ತ ಶೊಕುಡು ಪದ ಪನ್ಪಲ್
I didnt do anything,ಯಾನ್ ದಾಲ ಮಲ್ತಿಜೆ
let us go together,ನಮ ಒಟ್ಟುಗು ಪೊಯಿ
she came to visit you,ಆಲ್ ನಿನನ್ ತುಯೆರೆ ಬತ್ತಿನಿ
I was busy therefore i could not come,ಯಾನ್ ಬಿಸಿ ಇತ್ತೆ ಅಂಚಾಡ್ ಬರ್ರೆ ಆಯಿಜಿ
why did you come,ದಾನೆ ಬತ್ತಿನಿ
Then whats special,ಬೊಕ್ಕ ದಾನೆ ವಿಷೇಶ
I live in Mangalore,ಯಾನ್ ಕುಡ್ಲಡ್ ವಾಸ ಮಲ್ಪುವೆ
Do you speak Tulu,ನಿಕ್ಕ್ ತುಳು ಗೊತ್ತುಂಡಾ
I can speak Tulu,ಎಂಕ್ ತುಳು ಪಾತೆರ್ರೆ ಆಪುಂಡು
I do not speak Tulu,ಎಂಕ್ ತುಳು ಗೊತ್ತುಜ್ಜಿ
I am learning Tulu,ಯಾನ್ ತುಳು ಕಲ್ಪೊಂದುಲ್ಲೆ
Nice to meet you,ಯೀರೆಗು ತಿಕುದು ಸಂತೋಷಾ೦ಡ್
Thank you very much,ಇರೆಗ್ ಮಸ್ತ್ ಸೊನ್ಮೆಲು
Thank you,ಯೀರೆಗ್ ಸೊಲ್ಮೆಲು
very,ಮಸ್ತ್
unique,ಸಾಟಿ ಉಪ್ಪಂದಿನ
different,ಬೇತೆ
like,ಮೆಚ್ಚಿಗೆ
continue,ದುಂಬರಿಪು
to,ಗ್
words,ಶಬ್ದೋಲು
details,ವಿವರ
name,ಪುದರ್
milk,ಪೇರ್
no,ಇಜ್ಜಿ
come,ಬಲ
don't come,ಬರೊಂದಿಜ್ಜಿ
call,ಲೆಪ್ಪು
nature,ಸ್ವಭಾವ
environment,ವಾತಾವರನೊ
write,ಬರೆಲೆ
read,ಓದು
on,ಮಿತ್ತುಗು
off,ರಜೆ
light,ಬೊಲ್ಪು
tv,ಟಿವಿ
leg,ಕಾರ್
umbrella,ಕೊಡೆ
rice,ಆರಿ
explain,ಬುಡ್ಪಾದ್ ಪನ್ಪಿನಿ
tell,ಪನ್ಲೆ
more,ಜಾಸ್ತಿ
open,ತೋಜಾವುನು
turn on the fan,ಫ್ಯಾನ್ ಆನ್ ಮಲ್ಪುಲೆ
turn off the fan,ಫ್ಯಾನ್ ಆಫ್ ಮಲ್ಪುಲೆ
on the lights,ದೀಪೊಲೆನ ಮಿತ್ತ್
off the lights,ದೀಪೊಲೆನ್ ಆಫ್ ಮಲ್ಪುಲೆ
door,ಬಾಕಿಲ್
speak,ಪಾತೆರುನು
talk,ಪಾತೆರ
photo,ಪಟ
video,ಯೀಡ್ಯ
change,ಬದಲಾವನೆ
mental,ಮಾರ್ಲ್
small,ಎಲ್ಯ
share,ಪಟ್ಟುನು
flower,ಪೂ
animal,ಪ್ರಾಣಿ
animals,ಪ್ರಾಣಿಲು
bird,ಪಕ್ಕಿ
yes,ಅಂದ್
search,ನಾಡುನು
bottle,ಬಾಟಲಿ
elders,ಹಿರಿಯೆರ್
younger,ಎಲ್ಯ
eldest,ಮಲ್ಲ
cover,ಮುಚ್ಚುನು
help,ಸಹಾಯೊ
What is your name,ಪುದರ್ ಏಂಚಿನೆ
What is this,ಉಂದು ದಾದೆ
Had tea,ಚಾ ಪೆರ್ಯರೆ
It should be like that only,ಅಂಚೆನೆ ಆವೊಡು
I will never let you win easily,ಸುಲಬೊಡು ನಿನನ್ ಗೆಂದೆರೆ ಬುಡಯೆ
He was in trouble,ಆಯೆ ಮಸ್ತ್ ಬಂಗೊಡು ಇತ್ತೆ
want,ಬಯಕೆ
wanted,ಬೋಡಿತ್ತಿನ
question,ಪ್ರಶ್ನೆ
man,ಆಂಜೊವ್
women,ಪೊಂಜೋವ್
Long time no see,ಮಸ್ತ್ ಸಮಯಾಂಡ್ ತೂವಂದೆ
I can understand,ಎಂಕ್ ಅರ್ಥ ಆಪುಂಡು
see,ತೂಲ
understand,ಅರ್ಥ ಆಂಡೆ
my,ಎನ್ನ
handsome,ಪೊರ್ಲು
respect,ಮರ್ಯಾದೆ
culture,ಸಂಸ್ಕೃತಿ
temple,ದೇವಸ್ಥಾನ
please say that again,ಕುಡೊರ ಪನ್ಲೆ
I love you,ಯಾನ್ ನಿನನ್ ಮೊಕೆ ಮಲ್ಪುವೆ
Get well soon,ಬೇಗ ಉಶಾರಾಲೆ
fast,ಬೇಗ
I want to get down here,ಯಾನ್ ಮುಲು ಜಪ್ಪುವೆ
study,ಅಭ್ಯಾಸ
studying,ಓದುನು
language,ಭಾಷೆ
bad,ಪಡ್ಕೆ
good,ಏಡ್ಡೆ
bad words,ಕೆಟ್ಟ ಪಾತೆರೊಲು
boy,ಆಣ್
girl,ಪೊಣ್ಣು
responsibility,ಜಬದ್ದಾರಿ
busy,ಬೇಲೆಡುಪ್ಪುನಿ
go,ಪೋ
escape,ಬಲ್ಪುನು
next,ಬೊಕ್ಕ
best,ಎಡ್ಡೆ
surprise,ಅಜಪ್ಪಾಪಿನಿ
sun,ಸೂರ್ಯೆ
moon,ಚಂದ್ರೆ
sky,ಬಾನ
fight,ಲಡಾಯಿ
compromise,ರಾಜಿ
war,ಯುದ್ಧ
earth,ಭೂಮಿ
cloth,ಕುಂಟು
clothes,ಕುಂಟುಲು
shirt,ಅಂಗಿ
pant,ಪ್ಯಾಂಟ್
saree,ಸೀರೆ
army,ಸೈನ್ಯ
aeroplane,ವಿಮಾನ
skin,ಚರ್ಮ
information,ಮಾಹಿತಿ
movie,ಸಿನಿಮಾ
welcome,ಸ್ವಾಗತ
straight,ಸರ್ತ
left,ಎಡ
forward,ದುಂಬು
about,ಬಗ್ಗೆ
back,ಪಿರ
outside,ಪಿದೈ
Inside,ಉಲೈ
smile,ತೆಲಿಕೆ
angry,ಕೋಪ
emotion,ಭಾವನೆ
Thirsty,ಬಾಜಿಲ್
hungry,ಬಡಾಪುಂಡು
right,ಸರಿ
Sit down,ಕುಲ್ಲುಲೆ
No problem,ಮಲ್ಲೆಜಿ
not good,ಎಡ್ಡೆ ಅತ್ತ್
plant,ದೈ
road,ತಾದಿ
bye,ಬರ್ಪೆ
Okay,ಆವು
Enough,ಯಾವು
learning,ಕಲಿಪಾಟಿಕೆ
enemy,ಶತ್ರು
teaching,ಬೋಧನೆ
friend,ದೊಸ್ತಿ
tree,ಮರವ್
book,ಪುಸ್ತಕ
eat,ತಿನುನು
sleep,ಜೆಪ್ಪುನು
jump,ನೆಲಪುನು
everyone,ಮಾತೆರ್ಲಾ
anyone,ಯೇರ್ಲಾ
model,ಮಾದರಿ
library,ಲೈಬ್ರೆರಿ
lesson,ಪಾಠ
guest,ಬಿನ್ನೆರ್
partner,ಜೊತೆ
marriage,ಮದ್ಮೆ
god,ದೇವೆರ್
beach,ಕಡಲ ಬರಿ
dictionary,ಶಬ್ದಕೋಶ
collect,ಒಟ್ಟು ಮಲ್ಪುನು
none,ಒವುಲಾ ಅತ್ತ್
text,ಪಟ್ಯ ಸಂದೇಶ
person,ಜನ
sad,ದುಃಖ
depressed,ಬೇಜಾರ್
target,ಏಮ್
daily,ದಿನಾಲ
everyday,ನಿತ್ಯ
and,ಬೊಕ
of,ಐತ
the,ಆ
for,ಐಕು
is,ಉಂಡು
that,ಅವ್ವು
by,ಮುಖಾಂತರ
this,ಉಂದು
with,ಒಟ್ಟುಗು
it,ಉಂದು
not,ಇಜ್ಜಿ
or,ಅಥವಾ
be,ಉಪ್ಪು
are,ಉಪುವ
from,ಮುಲ್ತುರ್ದ್
at,ಅವ್ಳು
as,ಅಂಚ
your,ನಿನ್ನ
all,ಮಾತ
have,ಪಡೆವೊನ್
new,ಪೊಸತ್ತ್
was,ಇತ್ತುಂಡ್
we,ನಮ
will,ಇಚ್ಛೆ
can,ಸಾಧ್ಯತೆ
us,ನಮ
if,ಒಂಜಿವೇಲೆ
page,ಪುಟ
has,ಪಡೆವೊಂದಿನ
free,ಉಚಿತ
but,ಆಂಡ
our,ನಮ್ಮ
other,ಬೇತೆ
do,ಮಲ್ಪುಲೆ
site,ಜಾಗೆ
today,ಇನಿ
tomorrow,ಎಲ್ಲೆ
up,ಮಿತ್ತ್
may,ಸಾಧ್ಯತೆ
yesterday,ಕೋಡೆ
now,ಇತ್ತೆ
what,ದಾನೆ
after,ಆದ್
together,ಒಟ್ಟುಗು
which,ಯೆವ್ವು
their,ಅಕ್ಲೆನ
news,ವಾರ್ತೆ
use,ಗಳಸ್
any,ಒವುಲಾ
there,ಅಲ್ಪ
only,ಒಂಜೆ
so,ಇಂಚಾದ್
his,ಆಯನ
when,ಯಾಪ
contact,ಸಂಪರ್ಕ
here,ಮುಲ್ಪ
rain,ಬರ್ಸಾ
go inside,ಉಲೈ ಪೊ
go outside,ಪಿದೈ ಪೊ
walk slowly,ಮೆಲ್ಲ ನಡಪು
business,ಬೇರ
i forget,ಎಂಕ್ ಮರವ್ಂಡ್
who,ಏರ್
go far,ದೂರ ಪೊ
also,ಅತ್ತಂದೆ
get,ಪಡೆವೊನ್
don't touch,ಮುಟೊಡ್ಚಿ
view,ತೂಪಿನಿ
first,ಕಡಿರ್
am,ಯಾನ್ಲಾ
been,ಆದಿಪ್ಪುನಗ
would,ಪಂಡುದ್
how,ಎಂಚ
heat,ಬೆಚ್ಚ
were,ಇತ್ತುಂಡು
some,ಕೆಲವು
click,ಕ್ಲಿಕ್ ಮಲ್ಪುಲೆ
service,ಸೇವೆ
find,ನಾಡ್ಲ
price,ಬಿಲೆ
date,ದಿನಾಂಕ
list,ಪಟ್ಟಿ
just,ಬಜೀ
over,ಮುಗಿಂಡ್
state,ಸ್ಥಿತಿ
stand,ಉಂತುನು
into,ಅಯಿತ್ತ ಉಲಾಯಿ
stare,ತೂವೊಡು
one,ಒಂಜಿ
two,ರಡ್ಡ್
three,ಮೂಜಿ
four,ನಾಲ್
five,ಐನ್
six,ಆಜಿ
seven,ಏಳ್
eight,ಎಣ್ಮ
nine,ಒರಂಬ
ten,ಪತ್ತು
eleven,ಪತ್ತೊಂಜಿ
twelve,ಪದ್ರಾಡು
thirteen,ಪದಿಮೂಜಿ
fourteen,ಪದ್ನಾಲ್
fifteen,ಪದ್ನೈನ್
sixteen,ಪಡಿನಾಜಿ
seventeen,ಪದಿನೇಲು
eighteen,ಪದ್ನೆಣ್ಮ
nineteen,ಪತ್ತೊರ್ಮ್ಬ
twenty,ಇರ್ವ
hundred,ನೂದು
health,ಆರೋಗ್ಯ
world,ಲೋಕ
used,ಗಳಸಿದಿನ
work,ಬೆಲೆ
most,ಹೆಚ್ಚಿನ
last,ಕಡೇತ್ತ
music,ಪದ್ಯ
dance,ನಲ್ಪು
system,ವ್ಯವಸ್ಥೆ
number,ಸಂಖ್ಯೆ
please,ದಯಮಲ್ತುದು
available,ತಿಕ್ಕುಂಡ್
support,ಉಮೇದ್
message,ಸಂದೇಶ
well,ಏಡ್ಡೆ
rights,ಹಕ್ಕುಲು
through,ಮೂಲಕ
order,ಕ್ರಮ
equal,ಸಮಾನ
life,ಬದ್ ಕ್
tension,ಎತೆ
activity,ಕಾರ್ಯಕ್ರಮ
history,ಚರಿತ್ರೆ
past,ಕರಿನ
present,ಇತ್ತೆ
future,ಭವಿಷ್ಯ
focus,ದಿಟ್ಟಿ
analyse,ವಿಶ್ಲೇಷಣೆ ಮಲ್ಪುಲೆ
evidence,ಸಾಕ್ಷಿ
main,ಮುಖ್ಯ
truth,ಸತ್ಯ
assist,ಸಹಾಯ ಮಲ್ಪು
concentrate,ಒಂಜೇ ಮನಸ್ಸ್
method,ವಿಧಾನ
abundance,ಬೋಡಾಯಿನಾತು
Illusion,ಭ್ರಮೆ
Adventure,ಸಾಧನೆ
country,ದೇಶ
sincere,ನಿಯತ್ತ್ ದ
disturb,ಉಪದ್ರ
sense,ಅಂದಾಜಿ
teach,ಕಲ್ಪಾವುನು
practice,ಅಭ್ಯಾಸ
justice,ನ್ಯಾಯ
reason,ಕಾರಣ
test,ಪರೀಕ್ಷೆ
train,ರೈಲ್
mature,ಪ್ರಬುದ್ಧ
preserve,ಜೋಕೆ ಮಲ್ಪುನ
separate,ಬೇತೆನೆ
master,ಮಾಸ್ಟರ್
shame,ನಾಚಿಗೆ
scold,ನೆರ್ಪಿನಿ
queue,ಸಾಲ್
noise,ಶಬ್ದ
year,ವರ್ಷ
decide,ತೀರ್ಮಾನ
trouble,ಕಷ್ಟ
family,ಕುಟುಂಬ
born,ಪುಟ್ಟಿನಿ
hospital,ಆಸ್ಪತ್ರೆ
silly,ಎಲ್ಯ
arrange,ವ್ಯವಸ್ಥೆ
control,ಹಿಡಿತ
format,ಸ್ವರೂಪ
snore,ಗೊರಕೆ
scent,ಪರಿಮಳ
peep,ಪೀಪ್
sip,ಸಿಪ್
scamper,ಸ್ಕ್ಯಾಂಪರ್
hiccup,ಹಿಕ್ಕು
fan,ಬೆಂಬಲಿಗೆರ್
dont,ಇಜ್ಜಿ
come,ಬಲ
never,ಏಪಲಾ
let,ಬುಡು
win,ಗೆಂದುನು
lose,ನಷ್ಟೊ
easily,ಸುಲಭವಾದು
down,ತಿರ್ತ್
bad,ಪಡ್ಕೆ
sit,ಕುಲ್ಲ್
sentence,ವಾಕ್ಯ
honesty,ಪ್ರಾಮಾಣಿಕತೆ
dishonesty,ಅಪ್ರಾಮಾಣಿಕತೆ
machine,ಮೆಶಿನ್
detail,ವರ್ಣನೆ
student,ವಿದ್ಯಾರ್ಥಿ
children,ಜೋಕುಲು
enter,ಪೊಗ್ಗುನು
entry,ಪ್ರವೇಶ
exit,ಪಿದಯಿ ಪೋಪಿನ
tulu,ತುಳು
english,ಇಂಗ್ಲಿಷ್
kannada,ಕನ್ನಡ
tamil,ತಮಿಳು
telugu,ತೆಲುಗು
trust,ನಂಬಿಕೆ
cloud,ಮೋಡ
glow,ರೈಸ್
globe,ಗ್ಲೋಬ್
charge,ಕ್ರಯ
planet,ಗ್ರಹ
lecture,ಉಪನ್ಯಾಸ
teacher,ಗುರುಕ್ಕುಲು
baby,ಬಾಲೆ
client,ಗಿರಾಕಿ
discover,ನಾಡ್ ಪತ್ತುನು
hands,ಕೈ
legs,ಕಾರ್
eyes,ಕಣ್ಣುಲು
lips,ತುಟಿಲು
waist,ತಿಗಲೆ
wrist,ಮುಂಗೈ
laugh,ತೆಲಿಕೆ
shower,ಬರ್ಸ
laughing,ತೆಲಿಪುನು
report,ವರದಿ
ask,ಕೇನ್
task,ಏಮ್
mask,ಮಾಸ್ಕ್
mass,ಗರ್ದಿ
computer,ಕಂಪ್ಯೂಟರ್
old,ಪರತ್ತ್
run,ಬಲ್ಪು
walk,ನಡಕೆ
seashore,ಕಡಲತೀರ
tongue,ನಾಲಯಿ
ears,ಕೆಮಿಕುಲು
nose,ಮೂಂಕು
mouth,ಬಾಯಿ
opportunity,ಅವಕಾಶ
score,ಸ್ಕೋರ್
twist,ತಿರ್ಗಾಮುರ್ಗ
squiz,ಸ್ಕ್ವಿಜ್
sneeze,ಸೀನು
snuff,ಸ್ನಫ್
shuffle,ಶಫಲ್
research,ಸಂಶೋಧನೆ
investigate,ನಾಡ್ದು ಪತ್ತು
struggle,ಬಂಗ
obstacle,ಅಡೆತಡೆ
impression,ಅಭಿಪ್ರಾಯ
expression,ತೆರಿಪಾವುನು
impress,ಪ್ರಭಾವ
express,ಪನ್ಪಿನಿ
bus,ಬಸ್
cheat,ಮೋಸ
thief,ಕಲುವೆ
anxious,ಪೋಡಿಗೆ
blabber,ಬ್ಲಾಬರ್
ticket,ಟಿಕೆಟ್
word,ಪಾತೆರ
compensate,ಪರಿಹಾರ ಮಲ್ಪುಲೆ
cross,ದಾಂಟ್
going,ಪೋಪಿನಿ
gone,ಪೋಯಿನಿ
went,ಪೋಯಿನಿ
school,ಶಾಲೆ
singer,ಪದ್ಯ ಪನ್ಪಿನಾಯೆ
dancer,ನರ್ತಕಿ
anklet,ಪಾದದ ಕಲೆ
ankle,ಕಣ ಕಾರ್
instrument,ಉಪಕರನೊ
where,ಒಲ್ಪ
whom,ಏರ್
whose,ಏರ್ನ
why,ದಾಯೆಗ್
drink,ಪರ್
jackfruit,ಜಾಕ್ ಫ್ರುಟ್
watermelon,ಬಚ್ಚಂಕಾಯಿ
apple,ಸೇಬ್
mango,ಮಾವಿನ
pot,ಪಾತ್ರೆ
hot,ಬೆಚ್ಚ
spoon,ಚಮ್ಚ
ladle,ಲಾಡ್ಲೆ
driver,ಡ್ರೈವರ್
ride,ಸವಾರಿ
horse,ಕುದುರೆ
king,ರಾಜೆ
queen,ರಾಣಿ
plan,ಯೋಜನೆ
kill,ಕೆರು
conflict,ಲಡಾಯಿ
hill,ಗುಡ್ಡೆ
point,ವಿಷಯ
game,ಗೊಬ್ಬು
loose,ಸಡಿಲ್
finger,ಬೆರಲು
ring,ರಿಂಗ್
lost,ನಷ್ಟ
chase,ಪಿರ ಪಾಡುನು
cut,ತುಂಡು
story,ಕತೆ
strong,ಗಟ್ಟಿ
weak,ಬಲದಾಂತಿನ
brave,ಧೈರ್ಯ
clever,ಬುದ್ಧಿವಂತಿಕೆ
coward,ಪುಕ್ಕೆಲೆ
happy,ಸಂತೋಷ
sorry,ತಪ್ಪಾಂಡ್
love,ಮೋಕೆ
secret,ಗುಟ್ಟು
play,ಆಟ
stay,ಉಂತು
limit,ಮಿತಿ
bangle,ಬಂಗಲ್
guilty,ತಪ್ಪು
pity,ಕನಿಕರ
introduce,ಪರಿಚಯ
daughter,ಮಗಲ್
son,ಮಗೆ
society,ಸಮಾಜ
evil,ಪಗೆಮಾನಿ
death,ಮರಣ
chilly,ಚಿಲ್ಲಿ
hard,ಗಟ್ಟಿ
pickle,ಉಪ್ಪಡ್
prepare,ತಯಾರಿ
exam,ಪರೀಕ್ಷೆ
simply,ಪೋಕ್ಕಡೇ
It's not working,ಉಂದು ಬೇಲೆ ಮಲ್ಪುಜಿ
It’s too expensive,ಉಂದು ಮಸ್ತ್ ದುಬಾರಿ
Take care,ಜಾಗ್ರತೆ
Let’s go by bike,ಬೈಕ್ ಡ್ ಪೋವೊಡು
I'm proud of you,ಎಂಕ್ ನಿಕ್ಲೆನ ಬಗ್ಗೆ ಹೆಮ್ಮೆ ಉಂಡು
I'm going to the market,ಯಾನ್ ಮಾರುಕಟ್ಟೆಗ್ ಪೋಪೆ
Let’s study together,ಒಟ್ಟುಗು ಅಧ್ಯಯನ ಮಲ್ಪುಗ
I forgot my notebook,ಎಂಕ್ ಎನ್ನ ನೋಟ್ಬುಕ್ ಮದತ್ಂಡ್
The food is ready,ಊಟ ತಯಾರ್ ಆತ್ಂಡ್
It’s time to eat,ತಿನ್ಪಿನ ಪೊರ್ತು ಬತ್ತ್ಂಡ್
Turn off the lights,ಲೈಟ್ ನ್ ಆಫ್ ಮಲ್ಪುಲೆ
Lock the door,ಬಾಕಿಲ್ ಲಾಕ್ ಮಲ್ಪುಲೆ
I'm doing my homework,ಯಾನ್ ಎನ್ನ ಇಲ್ಲದ ಬೇಲೆನ್ ಮಲ್ತೊಂದುಲ್ಲೆ
Let’s clean the room,ಕೋಣೆನ್ ಸ್ವಚ್ಛ ಮಲ್ಪುಗ
It's raining outside,ಪಿದಯಿ ಬರ್ಸ ಬರ್ಪುಂಡು
Nothing much,ದಾಲ ಇಜ್ಜಿ
What’s going on,ದಾದ ಆವೊಂದುಂಡು
I don’t know,ಎಂಕು ಗೊತ್ತು ಇಜ್ಜಿ
I'm not sure,ಎಂಕ್ ಖಚಿತ ಇಜ್ಜಿ
I agree with you,ಯಾನ್ ನಿಕ್ಲೆನೊಟ್ಟುಗು ಒಪ್ಪುವೆ
It’s too expensive,ಉಂದು ಮಸ್ತ್ ಖರ್ಚು
I want to buy this,ಎಂಕ್ ಉಂದೆನ್ ಕೊಂಡೊನೊಡಾಪುಂಡು
I'm hungry,ಎಂಕ್ ಬಡವು ಉಂಡು
What’s for lunch,ಮಧ್ಯಾಹ್ನೊಗು ದಾದ ಉಂಡು
The food is tasty,ತಿನ್ಪಿನ ರುಚಿ ಉಂಡು
I don't like it,ಎಂಕ್ ಉಂದು ಇಷ್ಟ ಆಪುಜಿ
I'm full,ಎಂಕ್ ಪೂರ್ತಿ ಉಂಡು
Can I have some water,ಎಂಕ್ ಒಂತೆ ನೀರ್ ಪರ್ವೊಲಿಯಾ
I am happy today,ಇನಿ ಯಾನ್ ಸಂತೋಷೊಡು ಉಲ್ಲೆ
I am tired,ಎಂಕ್ ದಣಿದ್ಂಡ್
I am feeling sick,ಎಂಕ್ ಕಾಯಿಲೆ ಆವೊಂದುಂಡು
I am very excited,ಎಂಕ್ ಮಸ್ತ್ ಉಲ್ಲಾಸ ಉಂಡು
Its boring,ಉಂದು ಬೇಜಾರು ಆಪುಂಡು
Thats funny,ಅವು ತಮಾಷೆ
I am scared,ಯಾನ್ ಭಯೊಡು ಉಲ್ಲೆ
Where are you going,ಈರ್ ಒಲ್ಪ ಪೋವೊಂದುಲ್ಲರ್
I am going to the market,ಎಂಕ್ ಮಾರುಕಟ್ಟೆಗ್ ಪೋಪೆ
Lets go for a walk,ಒಂಜಿ ವಾಕ್ ಗ್ ಪೋವೊಡು
I missed the bus,ಯಾನ್ ಬಸ್ ನ್ ತಪ್ಪಾವೊಂಡೆ
The train is late,ರೈಲ್ ಲೇಟ್ ಆತ್ಂಡ್
I love this weather,ಈ ಹವಾಮಾನ ಎಂಕ್ ಇಷ್ಟ
I want to travel,ಎಂಕ್ ಪ್ರಯಾಣ ಮಲ್ಪೊಡು ಪನ್ಪಿನ ಆಸೆ ಉಂಡು
I will be back soon,ಯಾನ್ ಬೇಗ ಬರ್ಪೆ
What happened,ದಾದ ಆಂಡ್
Is everything okay,ಮಾತ ಸರಿ ಉಂಡಾ
I am getting ready,ಯಾನ್ ತಯಾರ್ ಆವೊಂದುಲ್ಲೆ
I am going to bed,ಯಾನ್ ನಿದ್ರೆಗ್ ಪೋವೊಂದುಲ್ಲೆ
Wake up early,ದುಂಬು ಲಕ್ಕುಲೆ
Dont be late,ತಡ ಆವರೆ ಬಲ್ಲಿ
Wait for me,ಎಂಕ್ ನಿರೀಕ್ಷೆ ಮಲ್ಪುಲೆ
Lets go home,ಇಲ್ಲಗ್ ಪೋವೊಡು
See you tomorrow,ಎಲ್ಲೆ ಪಾರ್ತೆಕ
Come here,ಈಡೆ ಬಲೆ
Go there,ಅಲ್ಪ ಪೋಲೆ
Be quiet,ಮೌನವಾದ್ ಉಪ್ಪುಲೆ
Dont worry,ಚಿಂತೆ ಮಲ್ಪೊಡ್ಚಿ
Iam coming,ಯಾನ್ ಬರ್ಪೆ
Just a minute,ಒಂಜಿ ನಿಮಿಷ ಮಾತ್ರ
I am listening,ಯಾನ್ ಕೇನ್ವೊಂದುಲ್ಲೆ
Can I sit here,ಯಾನ್ ಮುಲ್ಪ ಕುಲ್ಲೊಲಿಯಾ
Its getting dark,ಕತ್ತಲೆ ಆವೊಂದುಂಡು
Lets eat outside,ಪಿದಯಿ ಊಟ ಮಲ್ಪುಗ
I dont understand,ಎಂಕು ಅರ್ಥ ಆಪುಜ್ಜಿ
Speak slowly,ನಿಧಾನವಾದ್ ಪಾತೆರ್ಲೆ
I cant hear you,ಎಂಕ್ ನಿನನ್ ಕೇನ್ರೆ ಆಪುಜಿ
What time is it,ಇತ್ತೆ ಎಂಚ ಸಮಯ
Give me that,ಅವೆನ್ ಎಂಕ್ ಕೊರ್ಲೆ
Come fast,ಬೇಗ ಬಲೆ
Don't shout,ಕಿರುಚೊಡ್ಚಿ
Be careful,ಜಾಗ್ರತೆ ಮಲ್ಪುಲೆ
That’s mine,ಅವು ಎನ್ನವು
This is yours,ಉಂದು ನಿಕ್ಲೆನವು
I will do it,ಯಾನ್ ಮಲ್ಪುವೆ
Let me try,ಎಂಕ್ ಪ್ರಯತ್ನ ಮಲ್ಪೆರೆ ಬುಡ್ಲೆ
Try again,ಪುನರ್ ಪ್ರಯತ್ನ ಮಲ್ಪುಲೆ
One more time,ಒಂಜಿ ಸರ್ತಿ ಬೊಕ್ಕ
Do you remember,ನಿಕ್ಲೆಗ್ ನೆಂಪು ಉಂಡಾ
I forgot,ಎಂಕ್ ಮರೆತ್ಂಡ್
You're right,ಈರ್ ಸರಿ ಪನ್ಪರ್
That’s wrong,ಅವು ತಪ್ಪು
Turn off the TV,ಟಿವಿನ್ ಆಫ್ ಮಲ್ಪುಲೆ
Don't touch that,ಅವೆನ್ ಮುಟ್ಟೊಡ್ಚಿ
Clean the table,ಮೇಜಿನ್ ಸ್ವಚ್ಛ ಮಲ್ಪುಲೆ
It’s very hot,ಉಂದು ಮಸ್ತ್ ಬಿಸಿ ಉಂಡು
It’s very cold,ಮಸ್ತ್ ಚಳಿ ಉಂಡು
I'm feeling sleepy,ಎಂಕ್ ನಿದ್ರೆ ಬರ್ಪುಂಡು
Let’s take a break,ಒಂಜಿ ವಿರಾಮ ದೆತೊನುಗ
I'll call you later,ಯಾನ್ ನಿಕುಲೆಗ್ ನನೊಂಜಿ ಸರ್ತಿ ಕಾಲ್ ಮಲ್ಪುವೆ
Don’t lie,ಸುಳ್ಳು ಪಾತೆರೊಡ್ಚಿ
Let's go to mangalore,ನಮ ಕುಡ್ಲಗ್ ಪೊಯಿ
I know mangalore well,ಯೆಂಕ್ ಕುಡ್ಲ ಎಡ್ಡೆ ಗೊತ್ತುಂಡು
What’s your name,ಈರೆನ ಪುದರ್ ದಾದ
I’m from India,ಯಾನ್ ಭಾರತೊಡ್ದ್ ಬತ್ತಿನಾಯೆ
Can you help me,ಈರ್ ಎಂಕ್ ಸಹಾಯ ಮಲ್ಪೊಲಿಯಾ
Please close the door,ದಯಮಲ್ತ್ ಬಾಕಿಲ್ ಮುಚ್ಚುಲೆ
Can you come with me,ಈರ್ ಎನ್ನೊಟ್ಟುಗು ಬರೊಲಿಯಾ
Stand up,ಲಕ್ಕುಲೆ
What’s the homework,ಮನೆಕೆಲಸ ದಾದ
The teacher is coming,ಗುರು ಬರೊಂದುಲ್ಲೆರ್
I'm late for class,ಎಂಕ್ ಕ್ಲಾಸ್ ಗ್ ತಡ ಆಂಡ್
I need help with this topic,ಈ ವಿಷಯೊಡು ಎಂಕ್ ಸಹಾಯ ಬೋಡು
I got full marks,ಎಂಕ್ ಪೂರ್ತಿ ಮಾರ್ಕ್ಸ್ ಬತ್ತ್ಂಡ್
The class was interesting,ಕ್ಲಾಸ್ ಮಸ್ತ್ ಕುತೂಹಲಕಾರಿ ಆದಿತ್ತ್ಂಡ್
"Hello, How are you",ನಮಸ್ಕಾರ ಎಂಚ ಉಲ್ಲರ್
Had your lunch,ವನಸ್ ಆಂಡಾ
Where are you working,ಈರ್ ಒಲು ಬೇಲೆ ಮಲ್ತ್ತೊಂದುಲ್ಲರ್
All are welcome,ಮಾತೆರ್ಗ್ಲಾ ಸ್ವಾಗತಾ
What are you doing,ಈರ್ ದಾದಾ ಮಾಲ್ತೊಂದುಲ್ಲರ್
come,ಬಲ
How were the rains this year,ಈ ಸರ್ತಿ ಬರ್ಸಾ ಯೆಂಚ ಇತ್ತ್ಂಡ್
When did you come,ಈರ್ ಯೇಪ ಬತ್ತಿನಿ
I am fine,ಯಾನ್ ಉಷರ್ ಉಲ್ಲೆ
Will this bus go to Udupi,ಈ ಬಸ್ ಉಡುಪಿಗ್ ಪೋಪುಂಡ
Where is this address located,ಈ ವಿಳಾಸ ಓಲು ಬರ್ಪುಂಡು
"Ok, see you next time","ಆವು, ಬೊಕ್ಕ ತಿಕ್ಕಗ"
I will come,ಯಾನ್ ಬರ್ಪೆ
Please close the door,ದಯಮಲ್ತ್ ಬಾಕಿಲ್ ಮುಚ್ಚಲೆ
It was a lot of help,ಉಂದು ಮಸ್ತ್ ಸಹಾಯ ಆಂಡ್
How it happened,ಎಂಚಾ ಆಂಡ್
I am happy to see you,ಈರೆನ್ ತೂದ್ ಭಾರಿ ಖುಷಿ ಆಂಡ್
Then what is the special,ಬೊಕ್ಕ ದಾದಾ ವಿಶೇಷಾ
Then,ಅದಗ
special,ವಿಶೇಷ
Nothing else,ಬೇತೆ ದಾಲ ಇಜ್ಜಿ
Please wait for a moment,ದಯಮಲ್ತ್ ಒಂಜಿ ಕ್ಷಣ ನಿಲೆ
All are welcome,ಮಾತೆರೆಗ್ಲಾ ಸ್ವಾಗತ
We will go to Mangalore,ನಮ ಕುಡ್ಲಗ್ ಪೋಪ
In a restaurant,ಒಂಜಿ ರೆಸ್ಟೋರೆಂಟ್ ಡ್
Will that take some time,ಅಯಿಕ್ ಒಂತೆ ಸಮಯ ಬೋಡಾ
Give me one masala dosa,ಒಂಜಿ ಮಸಾಲೆ ದೋಸೆ ಕೊರ್ಲೆ
I don't want that,ಎಂಕ್ ಅವು ಬೋಡಾಪುಜಿ
Give some water,ಒಂತೆ ನೀರ್ ಕೊರ್ಲೆ
You have given a good service,ಈರ್ ಎಡ್ಡೆ ಸೇವೆ ಕೊರ್ತರ್
The price is too high,ಬೆಲೆ ಮಸ್ತ್ ಎಚ್ಚ ಉಂಡು
Show me the new designs,ಪೊಸ ಡಿಸೈನ್ ಲೆನ್ ತೋಜಾಲೆ
I will pay by cash,ಯಾನ್ ನಗದುಡ್ ಕೊರ್ಪೆ
Please pack all the goods,ಮಾತ ಸರಕುಲೆನ್ ಪ್ಯಾಕ್ ಮಲ್ಪುಲೆ
What is the time now,ಇತ್ತೆ ಪೊರ್ತು ಎಂಚ ಉಂಡು
Good work,ಎಡ್ಡೆ ಬೇಲೆ
What did you have for tiffin today,ಇನಿ ಟಿಫಿನ್ ಗ್ ದಾದ ಮಲ್ತರ್
Anything else,ಬೇತೆ ದಾದನಾ
How was the coffee,ಕಾಫಿ ಎಂಚ ಉಂಡು
Coffee was good,ಕಾಫಿ ಎಡ್ಡೆ ಇತ್ತ್ಂಡ್
Where did you go on weekend,ಈರ್ ವಾರಾಂತ್ಯೊಡು ಎಲ್ಲಿ ಪೋಯರ್
This time i had gone to Bangalore,ಈ ಸರ್ತಿ ಯಾನ್ ಬೆಂಗಳೂರುಗು ಪೋಯಿನ
How was your weekend,ನಿಕ್ಲೆನ ವಾರಾಂತ್ಯ ಎಂಚ ಉಂಡು
It was super,ಉಂದು ಸೂಪರ್ ಆದಿತ್ತ್ಂಡ್
I came yesterday,ಯಾನ್ ನಿನ್ನೆ ಬತ್ತೆ
Can you wait for me,ಈರ್ ಎಂಕ್ ಕಾತೊಂದು ಉಪ್ಪೊಲಿ
Okay i will wait,ಸರಿ ಯಾನ್ ನಿರೀಕ್ಷೆ ಮಲ್ಪುವೆ
Can we meet today,ಇನಿ ನಮ ತೂವೊಲಿ
"Hello, How are you",ಹಲೋ ಎಂಚ ಉಲ್ಲರ್
stop,ಉಂತವು
scratch,ಕೆರೆಪ್ಪು
give,ಕೊರ್
Take,ದೆತೊನಿ
eat,ತಿನ್
get up,ಲಕ್ಕ್
get,ದೆತೊನ್ಲೆ
watch,ತೂಲ
look,ರೂಪ
wait,ಕಾಪು
above,ಮಿತ್ತು
important,ಮುಖ್ಯ
verb,ಕ್ರಿಯಾಪದ
might,ಆದಿಪ್ಪು
perceived,ಗ್ರಹಿಸಾಯಿನ
disrespect,ಅಗೌರವ
talking,ಪಾತೆರುನ
first,ಸುರುತ
realize,ನಿಜ ಸಂಗತಿ ಗೊತ್ತಾಪಿನಿ
place,ಜಾಗೆ
better,ಎಡ್ಡೆ
You run in the marathon,ಈರ್ ಮ್ಯಾರಥಾನ್ ಡ್ ಓಡುವೆರ್
You sit in this chair,ಈರ್ ಈ ಕುರ್ಚಿಡ್ ಕುಲ್ಲುಲೆ
Is it so,ಅಂಚ ಉಂಡಾ
Can you come there,ಈರ್ ಅಲ್ಪ ಬರೊಲಿಯಾ
Didn't you know,ನಿಕ್ಲೆಗ್ ಗೊತ್ತುಜ್ಜಿ
Glad to meet you,ನಿಕುಲೆನ್ ತೂಯೆರೆ ಸಂತೋಷ ಆಂಡ್
What to do now,ಇತ್ತೆ ದಾದ ಮಲ್ಪೊಡು
See you next time,ದುಂಬುದ ಸರ್ತಿ ತೂವೊಲಿ
Let us have a tea,ನಮ ಒಂಜಿ ಚಾ ಪರ್ಲೆ
Can you bring a cup of water,ಒಂಜಿ ಕಪ್ ನೀರ್ ಲೆತೊಂದು ಬರೊಲಿಯಾ
I will also come with you,ಯಾನ್ ಲಾ ನಿನ್ನೊಟ್ಟುಗು ಬರ್ಪೆ
Whom should I ask,ಯಾನ್ ಏರೆನ್ ಕೇನೊಡು
Which is your favourite color,ನಿಕ್ಲೆಗ್ ಇಷ್ಟ ಆಯಿನ ಬಣ್ಣ ದಾದ
Whats the time now,ಇತ್ತೆ ದಾದ ಪೊರ್ತು
You should definitely come to our house during the festival,ಪರ್ಬೊದ ಪೊರ್ತುಡು ಈರ್ ಖಂಡಿತ ನಮ್ಮ ಇಲ್ಲಗ್ ಬರೊಡು
I have to wake up early in the morning tomorrow,ಎಂಕ್ ನಾಳೆ ಬೆಳಗ್ಗೆ ಬೇಗ ಲಕ್ಕುದುಪ್ಪೊಡು
I have some other work today,ಇನಿ ಎಂಕ್ ಬೇತೆ ಕೆಲವು ಬೇಲೆ ಉಂಡು
Where are you man,ಈರ್ ಎಲ್ಲಿ ಉಲ್ಲರ್ ಮನುಷ್ಯೆ
I am waiting for you near Town hall,ಯಾನ್ ನಿಕುಲೆನ್ ಟೌನ್ ಹಾಲ್ ದ ಎದುರುಡು ಕಾತೊಂದುಲ್ಲೆ
Ice-cream at Ideal's is too good,ಐಡಿಯಲ್ಸ್ ಡ್ ಐಸ್-ಕ್ರೀಮ್ ಮಸ್ತ್ ಎಡ್ಡೆ ಉಂಡು
Today's treat is mine,ಇನಿತ ಟ್ರೀಟ್ ಎಂಕ್ಲೆನವು
I will meet you in the evening,ಯಾನ್ ನಿನನ್ ಸಾಯಂಕಾಲೊಗು ತೂಪೆ
Thank you all,ಮಾತೆರೆಗ್ಲಾ ಸೊಲ್ಮೆಲು
How much does this cost,ನೆಕ್ ಯೆತ್ ಬೆಲೆ
What do you need,ಈರೆಗ್ ದಾದಾ ಬೋಡು
Which day is it today,ಇನಿ ವ ದಿನಾ
Day after tomorrow,ಎಲ್ಲಂಜಿ
He knows Tulu,ಅರೆಗ್ ತುಳು ಗೊತ್ತುಂಡು
She knows Tulu,ಆಲೆಗ್ ತುಳು ಗೊತ್ತುಂಡು
He is a good man,ಆರ್ ಒರಿ ಎಡ್ಡೆ ಮನುಷ್ಯೆ
Are you married,ಈರೆಗ್ ಮದಿಮೆ ಆತ್‌ಡ
Come in be seated,ಕುಲ್ಲುಲೆ ಒಳಗ್ ಬಲೆ
Where is the bathroom,ಸ್ನಾನದ ಕೋಣೆ ಓಲು ಉಂಡು
Excuse Me,ಎಂಕ್ ಕ್ಷಮಿಸಲೆ
He was at home,ಆರ್ ಇಲ್ಲಡ್ ಇತ್ತೆರ್
You ate a mango,ಈರ್ ಒಂಜಿ ಮಾಂಗೋ ದೆತೊಂದುಲ್ಲರ್
We build a new house,ನಮ ಒಂಜಿ ಪೊಸ ಇಲ್ಲ್ ಕಟ್ಟುವ
The sun has set,ಸೂರ್ಯೆ ಅಸ್ತಮಯ ಆತ್ಂಡ್
He became a Doctor,ಆರ್ ಒರಿ ಡಾಕ್ಟರ್ ಆಯೆರ್
He felt bad,ಆಯಗ್ ಕೆಟ್ಟ ಅನುಭವ ಆಂಡ್
I had work yesterday,ಎಂಕ್ ನಿನ್ನೆ ಬೇಲೆ ಇತ್ತ್ಂಡ್
You may go now,ಈರ್ ಇತ್ತೆ ಪೋವೊಲಿ
He cant walk,ಆರ್ ನಡಪೆರೆ ಸಾಧ್ಯ ಇಜ್ಜಿ
If he comes tell me,ಆರ್ ಬತ್ತ್ಂಡ ಎಂಕ್ ಪನ್ಲೆ
If it rains I will get wet,ಬರ್ಸಾ ಬರ್ಪುಂಡ ಯಾನ್ ಚಂಡಿ ಆಪುವೆ
If anyone comes call me,ಎರ್ಲಾ ಬತ್ತ್ಂಡ ಏನನ್ ಲೆಪ್ಪು
Was she reading,ಅಲ್ ಓದುದು ಇತ್ತೆರ್
Wasnt he playing,ಆರ್ ಆಟ ಆಡೊಂದಿಜ್ಜೆರ್
Werent they coming,ಅಕುಲು ಬರ್ಪುಜೆರ್
Were you waiting for me,ಈರ್ ಎಂಕ್ ಕಾತೊಂದು ಇತ್ತೆರ್
They were not speaking with me,ಅಕುಲು ಎನ್ನೊಟ್ಟುಗು ಪಾತೆರೊಂದಿಜ್ಜೆರ್
If you told me I would go,ಈರ್ ಎಂಕ್ ಪೋಪೆ ಪಂಡೆರ್
If you were here it would be nice,ಈರ್ ಇಲ್ಲಡೆ ಇತ್ತ್ಂಡ ಎಡ್ಡೆ ಆಪುಂಡು
I wish you had told me,ಈರ್ ಎಂಕ್ ಪನ್ಪೆರಾ ಪಂದ್ ಎಂಕ್ ಆಸೆ
Call the police,ಪೊಲೀಸ್ ಲೆಗ್ ಕಾಲ್ ಮಲ್ಪುಲೆ
I want to get down here,ಎಂಕ್ ಇಲ್ಲಗ್ ಬರೊಡಾಪುಂಡು
Please speak slowly,ದಯಮಲ್ತ್ ನಿಧಾನವಾದ್ ಪಾತೆರ್ಲೆ
I love learning new things,ಎಂಕ್ ಪೊಸ ಪೊಸ ವಿಷಯೊಲೆನ್ ತೆರಿಯೊನೆರೆ ಇಷ್ಟ
I wake up at 7am,ಯಾನ್ ಬೆಳಗ್ಗೆ 7 ಗಂಟೆಗ್ ಲಕ್ಕುವೆ
I work out four days a week,ಯಾನ್ ವಾರೊಗು ನಾಲ್ ದಿನ ವರ್ಕ್ ಔಟ್ ಮಲ್ಪುವೆ
I go to college every day,ಯಾನ್ ದಿನೊಲಾ ಕಾಲೇಜಿಗ್ ಪೋಪೆ
Its hot out today,ಇನಿ ಪಿದಯಿ ಬಿಸಿ ಉಂಡು
Im sick and tired of this weather,ಈ ಹವಾಮಾನೊಡ್ದ್ ಎಂಕ್ ಬೇಜಾರು ಆಂಡ್
I love this weather,ಎಂಕ್ ಈ ಹವಾಮಾನ ಇಷ್ಟ
I don’t think so,ಎಂಕ್ ಅಂಚ ಅನಿಸುಜಿ
Can I get you something to eat,ಯಾನ್ ನಿಕ್ಲೆಗ್ ಒಂಜಿ ತಿನ್ಪಿನ ಒಂಜಿ ವಸ್ತುನು ಕೊರ್ಪೆರಾ
This is my bag,ಉಂದು ಎನ್ನ ಚೀಲ
Sure no problem,ಖಂಡಿತಾ ಸಮಸ್ಯೆ ಇಜ್ಜಿ
Its too big,ಉಂದು ಮಸ್ತ್ ಮಲ್ಲ
Its too small,ಉಂದು ಮಸ್ತ್ ಎಲ್ಯ
Ill think about it,ಯಾನ್ ಅಯಿತ ಬಗ್ಗೆ ಯೋಚನೆ ಮಲ್ಪುವೆ
Thats expensive,ಅವು ದುಬಾರಿ
Thats cheap,ಅವು ಅಗ್ಗ
Please give me a receipt,ದಯಮಲ್ತ್ ಒಂಜಿ ರಸೀದಿ ಕೊರ್ಲೆ
Can I exchange this,ಯಾನ್ ಉಂದೆನ್ ಬದಲಾವಣೆ ಮಲ್ಪೊಲಿ
Is it fresh,ಉಂದು ತಾಜಾ ಉಂಡಾ
Ill take two of these,ಈ ರಡ್ಡ್ ದೆತೊನುವೆ
Please wrap it,ದಯಮಲ್ತ್ ಸುತ್ತುಲೆ
What brand is this,ಉಂದು ದಾದ ಬ್ರಾಂಡ್
This is for a friend,ಉಂದು ಒರಿ ಸ್ನೇಹಿತೆರೆಗ್
Can I try a sample,ಯಾನ್ ಒಂಜಿ ನಮೂನೆನ್ ಪ್ರಯತ್ನ ಮಲ್ಪೊಲಿ
Keep the change,ಬದಲಾವಣೆನ್ ದೀಲೆ
Can I have some water,ಎಂಕ್ ಒಂತೆ ನೀರ್ ಪರ್ರೆ ಸಾಧ್ಯ ಉಂಡಾ
That was perfect,ಅವು ಪರಿಪೂರ್ಣ ಆದಿತ್ತ್ಂಡ್
We need more time,ಎಂಕ್ಲೆಗ್ ಜಾಸ್ತಿ ಸಮಯ ಬೋಡು
Can I have a straw,ಎಂಕ್ ಒಂಜಿ ಸ್ಟ್ರಾ ಉಂಡಾ
Thank you for the service,ಸೇವೆಗ್ ಧನ್ಯವಾದೊಲು
No smoking please,ದಯಮಲ್ತ್ ಧೂಮಪಾನ ಮಲ್ಪುಜೆರ್
Can we sit outside,ನಮ ಪಿದಯಿ ಕುಲ್ಲೊಲಿಯಾ
We will come back later,ನಮ ಪಿರ ಬರ್ಪ
Where is the bus stop,ಬಸ್ ನಿಲ್ದಾಣ ಎಲ್ಲಿ ಉಂಡು
Where is the train station,ರೈಲ್ ನಿಲ್ದಾಣ ಎಲ್ಲಿ ಉಂಡು
Where can I buy tickets,ಯಾನ್ ಟಿಕೆಟ್ ಲೆನ್ ಎಲ್ಲಿ ಕೊಂಡೊಲಿ
Turn left,ಎಡತ್ತ್ ಪೋಲೆ
Turn right,ಬಲತ್ತ ಕಡೆಟ್ ಪೋಲೆ
Go Straight,ನೇರವಾದ್ ಪೋಲೆ
Stop at the corner,ಮೂಲೆಡ್ ನಿಲೆ
pay attention,ಗಮನ ಕೊರ್ಲೆ
read loud,ಜೋರುಡು ಓದುಲೆ
time is up,ಸಮಯ ಮುಗಿಂಡ್
Its break time now,ಇತ್ತೆ ಬ್ರೇಕ್ ಟೈಮ್
Thats intresting,ಉಂದು ಕುತೂಹಲಕಾರಿ
I agree,ಒಪ್ಪುವೆ
I disagree,ಎಂಕ್ ಒಪ್ಪಿಗೆ ಇಜ್ಜಿ
Turn on the computer,ಕಂಪ್ಯೂಟರ್ ನ್ ಆನ್ ಮಲ್ಪುಲೆ
Turn off the laptop,ಲ್ಯಾಪ್ ಟಾಪ್ ನ್ ಆಫ್ ಮಲ್ಪುಲೆ
Open the file,ಫೈಲ್ ನ್ ತೆರೆಲೆ
Close the file,ಫೈಲ್ ನ್ ಮುಚ್ಚುಲೆ
Save the document,ದಾಖಲೆನ್ ಉಳಿತಾಯ ಮಲ್ಪುಲೆ
Send me the mail,ಎಂಕ್ ಮೇಲ್ ಕಡಪುಡುಲೆ
what is your password,ನಿಕ್ಲೆನ ಪಾಸ್ ವರ್ಡ್ ದಾದ
Turn up the volume,ವಾಲ್ಯೂಮ್ ನ್ ಎಚ್ಚ ಮಲ್ಪುಲೆ
Turn down the volume,ವಾಲ್ಯೂಮ್ ನ್ ಕಮ್ಮಿ ಮಲ್ಪುಲೆ
click here,ಮುಲ್ಪ ಕ್ಲಿಕ್ ಮಲ್ಪುಲೆ
call an ambulance,ಆಂಬುಲೆನ್ಸ್ ಗ್ ಲೆಪ್ಪುಲೆ
I need help,ಎಂಕ್ ಸಹಾಯ ಬೋಡು
Stay calm,ಶಾಂತವಾದ್ ಉಪ್ಪುಲೆ
Dont move,ಚಲನೆ ಮಲ್ಪುಜೆರ್
i feel sick,ಎಂಕ್ ಬೇಜಾರು ಆಪುಂಡು
this is urgent,ಉಂದು ತುರ್ತು
wait here,ಮುಲ್ಪ ನಿಲೆ
follow me,ಎನ್ನ ಪಿರವು ಪೋಲೆ
listen to me,ಎಂಕ್ ಕೇನ್ಲೆ
pick it up,ಅವೆನ್ ಎತ್ತುಲೆ
take this,ಉಂದೆನ್ ದೆತೊನ್ಲೆ
put it here,ಉಂದೆನ್ ಮುಲ್ಪ ಪಾಡ್ಲೆ
Show me,ಎಂಕ್ ತೋಜ್ಪಾಲೆ
Welcome home,ಇಲ್ಲಗ್ ಸ್ವಾಗತ
Time for dinner,ಊಟದ ಸಮಯ
Take some rest,ಒಂತೆ ವಿಶ್ರಾಂತಿ ದೆತೊನ್ಲೆ
Go to bed,ನಿದ್ರೆ ಮಲ್ಪುಲೆ
Wake up,ಲಕ್ಕ್
Sweet dreams,ಎಡ್ಡೆಂದಿನ ಕನ ಕಟ್ಟಡ್
Do your homework,ನಿಕ್ಲೆನ ಇಲ್ಲದ ಬೇಲೆ ಮಲ್ಪುಲೆ
Set the table,ಟೇಬಲ್ ನ್ ಸೆಟ್ ಮಲ್ಪುಲೆ
Take a bath,ಸ್ನಾನ ಮಲ್ಪುಲೆ
change your clothes,ನಿನ್ನ ಬಟ್ಟೆಲೆನ್ ಬದಲಾವಣೆ ಮಲ್ಪುಲೆ
clean your room,ನಿನ್ನ ಕೋಣೆನ್ ಸ್ವಚ್ಛ ಮಲ್ಪುಲೆ
sweep the floor,ನೆಲನ್ ಸ್ವೀಪ್ ಮಲ್ಪುಲೆ
wash your hands,ನಿಕ್ಲೆನ ಕೈ ತೊಳೆಯೊಡು
Im not sure,ಎಂಕ್ ಗೊತ್ತುಜ್ಜಿ
Just a moment,ಒಂಜಿ ಕ್ಷಣ ಮಾತ್ರ
One second,ಒಂಜಿ ಸೆಕೆಂಡ್
Are you serious,ಈರ್ ಗಂಭೀರವಾದ್ ಉಲ್ಲರ್
Lets see,ತೂವೊಲಿ
Take it easy,ಸುಲಭೊಡು ದೆತೊನ್ಲೆ
Lets meet again,ಪುನರ್ ಭೇಟಿಯಾವೊಡು
call me later,ನನ ದುಂಬು ಕಾಲ್ ಮಲ್ಪುಲೆ
Life is good,ಜೀವನ ಎಡ್ಡೆ ಉಂಡು .
how is your work,ನಿಕ್ಲೆನ ಬೇಲೆ ಎಂಚ ಉಂಡು
Its going well,ಉಂದು ಎಡ್ಡೆ ಪೋವೊಂದುಂಡು
where you have been,ಈರ್ ಎಲ್ಪ ಇತ್ತೆರ್
I was on vacation,ಯಾನ್ ರಜೆಟ್ ಇತ್ತೆ
how is your family,ನಿಕ್ಲೆನ ಕುಟುಂಬ ಎಂಚ ಉಂಡು
they are fine,ಅಕುಲು ಎಡ್ಡೆ ಉಲ್ಲೆರ್
I am watching TV,ಯಾನ್ ಟಿವಿ ತೂವೊಂದುಲ್ಲೆ
I am cooking,ಯಾನ್ ಅಡುಗೆ ಮಲ್ತೊಂದುಲ್ಲೆ
I am reading book,ಯಾನ್ ಪುಸ್ತಕ ಓದುದುಲ್ಲೆ
I am cleaning,ಯಾನ್ ಸ್ವಚ್ಛ ಮಲ್ತೊಂದುಲ್ಲೆ
I am listening to music,ಯಾನ್ ಸಂಗೀತ ಕೇನ್ವೊಂದುಲ್ಲೆ
I am talking to friend,ಯಾನ್ ಸ್ನೇಹಿತೆನೊಟ್ಟುಗು ಪಾತೆರೊಂದುಲ್ಲೆ
I am shopping online,ಯಾನ್ ಆನ್ ಲೈನ್ ಡ್ ಶಾಪಿಂಗ್ ಮಲ್ತೊಂದುಲ್ಲೆ
I am going out,ಯಾನ್ ಪಿದಯಿ ಪೋವೊಂದುಲ್ಲೆ
I am going to the store,ಯಾನ್ ಅಂಗಡಿಗ್ ಪೋವೊಂದುಲ್ಲೆ
I just got here,ಯಾನ್ ಇಡೆಗ್ ಬತ್ತೆ
I am here,ಯಾನ್ ಉಲ್ಲೆ
I  will be there at 5 minutes,ಯಾನ್ 5 ನಿಮಿಷೊಗು ಅಲ್ಪ ಉಪ್ಪುವೆ
Message me when you are free,ಈರ್ ಫ್ರೀ ಆನಗ ಎಂಕ್ ಮೆಸೇಜ್ ಮಲ್ಪುಲೆ
Are you free now,ಈರ್ ಇತ್ತೆ ಫ್ರೀ ಆದ್ ಉಲ್ಲರ್
I am busy right now,ಇತ್ತೆ ಯಾನ್ ಬಿಜಿ ಉಲ್ಲೆ
Lets take a break,ಒಂಜಿ ವಿರಾಮ ದೆತೊನುಗ
Lets go out for dinner,ಊಟೊಗು ಪಿದಯಿ ಪೋವೊಡು
Lets cancel it,ಅವೆನ್ ರದ್ದು ಮಲ್ಪುಗ
Lets do this tomorrow,ನಾಳೆ ಈ ಕೆಲಸ ಮಲ್ಪುಗ
Lets reschedule it,ಅವೆನ್ ಪುನರ್ನಿಗದಿ ಮಲ್ಪುಗ
I am allergic to dust,ಎಂಕ್ ಧೂಳುಗು ಅಲರ್ಜಿ ಉಂಡು
I am on diet,ಯಾನ್ ಡಯಟ್ ಡ್ ಉಲ್ಲೆ
Dont skip meals,ಊಟೊನು ಬುಡ್ಪಾವೊಂದಿಜ್ಜಿ
Get well soon,ಬೇಗ ಹುಷಾರಾಲೆ
I am feeling better,ಎಂಕ್ ಎಡ್ಡೆ ಆಪುಂಡು
I need fresh air,ಎಂಕ್ ತಾಜಾ ಗಾಳಿ ಬೋಡು
Dont work too much,ಜಾಸ್ತಿ ಬೇಲೆ ಮಲ್ಪುಜೆರ್
Relax a little,ಒಂತೆ ರಿಲಾಕ್ಸ್ ಆಲೆ
I feel lazy,ಎಂಕ್ ಸೋಮಾರಿ ಆಪುಂಡು
Everything will be fine,ಎಲ್ಲಾ ಸರಿ ಆಪುಂಡು
Lets share ideas,ಐಡಿಯಾಲೆನ್ ಪಾಡುಗ
I need more time,ಎಂಕ್ ಜಾಸ್ತಿ ಸಮಯ ಬೋಡು
I am almost done,ಎಂಕ್ ಬಹುತೇಕ ಮುಗಿಂಡ್
Turn on bluetooth,ಬ್ಲೂಟೂತ್ ನ್ ಆನ್ ಮಲ್ಪುಲೆ
Turn off bluetooth,ಬ್ಲೂಟೂತ್ ನ್ ಆಫ್ ಮಲ್ಪುಲೆ
Thats bad,ಅವು ಎಡ್ಡೆ ಅತ್ತ್
I learned something new,ಎಂಕ್ ಒಂಜಿ ಪೊಸತ್ ದಾದನಾ ಕಲ್ತೊಂದುಲ್ಲೆ
Lets work together,ಒಟ್ಟುಗು ಬೇಲೆ ಮಲ್ಪುಗ
Please expplain again,ದಯಮಲ್ತ್ ಪುನರ್ ವಿವರಣೆ ಕೊರ್ಲೆ
please repeat that,ದಯಮಲ್ತ್ ಅವೆನ್ ಪುನರಾವರ್ತಿಸಲೆ
I am late for class,ಎಂಕ್ ತರಗತಿಗ್ ತಡ ಆಂಡ್
I am preparing for test,ಯಾನ್ ಪರೀಕ್ಷೆಗ್ ತಯಾರಾವೊಂದುಲ್ಲೆ
I need to exercise,ಎಂಕ್ ವ್ಯಾಯಾಮ ಮಲ್ಪೊಡು
I am proud of you,ಎಂಕ್ ನಿಕ್ಲೆನ ಬಗ್ಗೆ ಹೆಮ್ಮೆ ಆಪುಂಡು
May be you are right,ಈರ್ ಸರಿ ಪನ್ಪರ್
This is dangerous,ಉಂದು ಅಪಾಯಕಾರಿ
someone is hurt,ಒರಿ ಗಾಯ ಆತ್ಂಡ್
I like it,ಎಂಕ್ ಇಷ್ಟ ಆಂಡ್
I dont like it,ಎಂಕ್ ಉಂದು ಇಷ್ಟ ಆಪುಜಿ
I am confident,ಎಂಕ್ ಆತ್ಮವಿಶ್ವಾಸ ಉಂಡು
I am proud of myself,ಎಂಕ್ ಎಂಕ್ಲೆನ ಮಿತ್ತ್ ಹೆಮ್ಮೆ ಉಂಡು
I am in love,ಯಾನ್ ಪ್ರೀತಿಡ್ ಉಲ್ಲೆ
I am sad toady,ಎಂಕ್ ಬೇಜಾರು ಆಂಡ್
I will take this,ಯಾನ್ ಉಂದೆನ್ ದೆತೊನುವೆ
Tell us your thoughts on this,ಈ ಬಗ್ಗೆ ನಿಕ್ಲೆನ ಅಭಿಪ್ರಾಯೊನು ಎಂಕ್ಲೆಗ್ ಪನ್ಲೆ
Dont let it break,ಉಂದೆನ್ ಮುರಿಯೆರೆ ಬುಡ್ಡಿಜ್ಜಿ
Your mind will be happy,ನಿನ್ನ ಮನಸ್ ಖುಷಿ ಆಪುಂಡು
India has lost both games so far,ಭಾರತ ಇತ್ತೆ ಮುಟ್ಟ ರಡ್ಡ್ ಪಂದ್ಯೊಲೆಡ್ಲಾ ಸೋತುಂಡು
She is very brave,ಆಲ್ ಮಸ್ತ್ ಧೈರ್ಯಶಾಲಿ
We will investigate and take action,ನಮ ತನಿಖೆ ಮಲ್ತ್ದ್ ಕ್ರಮ ದೆತೊನುವ
Girl dies of suspected dengue,ಡೆಂಗ್ಯೂ ಶಂಕೆಡ್ ಬಾಲೆ ಮರಣ
Play with children,ಜೋಕುಲೆನೊಟ್ಟುಗು ಗೊಬ್ಬುಲೆ
They should do good work,ಅಕುಲು ಎಡ್ಡೆ ಬೇಲೆ ಮಲ್ಪೊಡು
Do your own chores at home,ಇಲ್ಲಡ್ ನಿಗಲೆನ ಸ್ವಂತ್ ಬೇಲೆಲೆನ್ ಮಲ್ಪುಲೆ
You have to believe that,ಈರ್ ಅವೆನ್ ನಂಬೊಡು
They said they would fight,ಅಕುಲು ಜಗಳ ಮಲ್ಪುವೆ ಪಂಡೆರ್
He is also a director and singer,ಆರ್ ಒರಿ ನಿರ್ದೇಶಕೆರ್ ಬೊಕ್ಕ ಗಾಯಕೆರ್ಲಾ ಅಂದ್
We are ready for everything,ಎಂಕುಲು ಮಾತೆರೆಗ್ಲಾ ತಯಾರ್ ಉಲ್ಲ
They are using them,ಅಕುಲು ಅವೆನ್ ಬಳಕೆ ಮಲ್ತೊಂದುಲ್ಲೆರ್
Who will be the next chief minister,ದುಂಬುದ ಮುಖ್ಯಮಂತ್ರಿ ಯಾರ್ ಆಪೆರ್
I am missing them,ಯಾನ್ ಅವೆನ್ ಮಿಸ್ ಮಲ್ತೊಂದುಲ್ಲೆ
But all of that is not real,ಆಂಡ ಅವು ಮಾತ ನಿಜ ಅತ್ತ್
"This time too, the same is expected","ಈ ಸರ್ತಿಲಾ, ಅದೇ ನಿರೀಕ್ಷೆ ಉಂಡು"
It is not your money,ಉಂದು ನಿಕ್ಲೆನ ದುಡ್ಡು ಅತ್ತ್
Why have you done this,ಈರ್ ದಾಯೆಗ್ ಇಂಚ ಮಲ್ತರ್
They have no papers,ಅಕ್ಲೆಗ್ ಪೇಪರ್ ಇಜ್ಜಿ
Make your payment on time,ನಿಕ್ಲೆನ ಪಾವತಿನ್ ಸಮಯೊಗು ಮಲ್ಪುಲೆ
They never expected the Indian team to win,ಭಾರತೀಯ ತಂಡ ಗೆಂದುಂಡು ಪಂದ್ ಅಕುಲು ಏಪಲಾ ನಿರೀಕ್ಷೆ ಮಲ್ತೊಂದಿಜ್ಜೆರ್
No one is paying attention,ಏರ್ಲಾ ಗಮನ ಕೊರ್ಪುಜೆರ್
Interested people can join us,ಆಸಕ್ತಿ ಇತ್ತಿನಕುಲು ಎಂಕಲೆನೊಟ್ಟುಗು ಸೇರೊಲಿ
Looks terrifying,ಭಯಾನಕವಾದ್ ತೋಜುಂಡು
But thats exactly what it is,ಆಂಡ ಅಯಿನ್ ನಿಖರವಾದ್ ದಾದ ಪನ್ಪೆರ್
The doctors are saying she is recovering,ಆಲ್ ಗುಣ ಆವೊಂದುಂಡು ಪಂದ್ ಡಾಕ್ಟರ್ ನಕುಲು ಪನ್ಪೆರ್
Good times coming up,ಎಡ್ಡೆ ಸಮಯ ಬರೊಂದುಂಡು
All services are for free,ಮಾತಾ ಸೇವೆಲು ಉಚಿತ
His wife is at home,ಆಯನ ಬುಡೆದಿ ಇಲ್ಲಡ್ ಉಲ್ಲೆರ್
Theres no other way,ಬೇತೆ ದಾಲ ಇಜ್ಜಿ
Everyone was smiling,ಪ್ರತಿಯೊಬ್ಬಲಾ ನಗುತೊಂದು ಇತ್ತೆರ್
Anyone can participate in this event,ಈ ಕಾರ್ಯಕ್ರಮೊಡು ಏರ್ಲಾ ಪಾಲ್ ಪಡೆಯೆರೆ ಸಾಧ್ಯ ಉಂಡು
It wasnt so simple,ಉಂದು ಮಸ್ತ್ ಸರಳ ಅತ್ತ್
Take me with you,ಎಂಕ್ಲೆನ್ ನಿನ್ನೊಟ್ಟುಗು ಲೆತೊಂದು ಪೋಲೆ
The battery goes down,ಬ್ಯಾಟರಿ ಕಮ್ಮಿ ಆಪುಂಡು
The hall was full,ಸಭಾಂಗಣ ಪೂರ್ತಿ ಇತ್ತ್ಂಡ್
No one came to help us,ಎಂಕ್ಲೆಗ್ ಸಹಾಯ ಮಲ್ಪೆರೆ ಏರ್ಲಾ ಬತ್ತಿಜೆರ್
Then it started to grow,ಅಪಗ ಅವು ಬುಲೆಯೆರೆ ಸುರು ಆಂಡ್
They didnt believe it,ಅಕುಲು ನಂಬೊಂದಿಜ್ಜೆರ್
The feeling is different,ಭಾವನೆ ಬೇತೆ
This is an endless process,ಉಂದು ಒಂಜಿ ಅಂತ್ಯವಿಲ್ಲದ ಪ್ರಕ್ರಿಯೆ
I am the same that I was,ಯಾನ್ ಇತ್ತಿನಲೆಕನೆ ಉಲ್ಲೆ
Dont sit for too long,ಮಸ್ತ್ ಸಮಯ ಕುಲ್ಲೊಡ್ಚಿ
That is not real happiness,ಅವು ನಿಜವಾಯಿನ ಸುಖ ಅತ್ತ್
Thats not the problem,ಅವು ಸಮಸ್ಯೆ ಅತ್ತ್
Do not talk on the phone while driving,ಡ್ರೈವಿಂಗ್ ಮಲ್ಪುನಗ ಫೋನ್ ಡ್ ಪಾತೆರೊಡ್ಚಿ
Have you lost your Aadhaar card,ನಿಕುಲು ಆಧಾರ್ ಕಾರ್ಡ್ ನ್ ಕಳೆವೊಂದುಲ್ಲರ್
But no one was hiring,ಆಂಡ ಏರ್ಲಾ ಕೆಲಸೊಗು ದೆತೊನೊಂದಿಜ್ಜೆರ್
I was also interested in dance and acting,ಎಂಕ್ ನಲಿಕೆ ಬೊಕ್ಕ ಅಭಿನಯೊಡುಲಾ ಆಸಕ್ತಿ ಇತ್ತ್ಂಡ್
Id recommend this to everyone,ಯಾನ್ ಉಂದೆನ್ ಮಾತೆರೆಗ್ಲಾ ಶಿಫಾರಸ್ ಮಲ್ಪುವೆ
Change is needed,ಬದಲಾವಣೆ ಬೋಡು
They dont have space,ಅಕುಲೆಗ್ ಜಾಗ ಇಜ್ಜಿ
Who won finally in this battle,ಈ ಯುದ್ಧೊಡು ಅಕೇರಿಗ್ ಏರ್ ಗೆಂದಿಯೆರ್
Action will be taken soon,ಶೀಘ್ರೊಡು ಕ್ರಮ ದೆತೊನುವೆರ್
Congratulations to everyone involved,ಈ ಕೆಲಸೊಡು ಪಾಲ್ ಪಡೆಯಿನ ಮಾತೆರೆಗ್ಲಾ ಅಭಿನಂದನೆಲು
"Eat plenty of fresh vegetables, fruits, and whole grains","ತಾಜಾ ತರಕಾರಿಲು, ಫಲವಸ್ತುಲು, ಬೊಕ್ಕ ಧಾನ್ಯೊಲೆನ್ ಮಸ್ತ್ ತಿನ್ಲೆ"
He fainted when he saw her,ಅಲೆನ್ ತೂದು ಅಯೆ ಮುರ್ಕುದು ಪೋಯೆರ್
He was appointed by the President,ಅರೆನ್ ರಾಷ್ಟ್ರಪತಿ ನೇಮಕ ಮಲ್ತೆರ್
I have never played such a character,ಯಾನ್ ಏಪಲಾ ಇಂಚಿನ ಒಂಜಿ ಪಾತ್ರೊನ್ ಮಲ್ತ್ಜಿ
They have become good friends,ಅಕುಲು ಎಡ್ಡೆ ಸ್ನೇಹಿತೆರ್ ಆಯೆರ್
It is Indias first space film,ಉಂದು ಭಾರತದ ಸುರುತ ಬಾಹ್ಯಾಕಾಶ ಚಿತ್ರ
He started shouting,ಆರ್ ಕಿರುಚೆರೆ ಸುರು ಮಲ್ತೆರ್
We will find out in this article,ಈ ಲೇಖನೊಡು ನಮ ತೆರಿಯೊನುವ
Theres no doubt in that,ಅಯಿಟ್ ದಾಲ ಸಂಶಯ ಇಜ್ಜಿ
Try it you will ll like it,ಟ್ರೈ ಮಲ್ಪುಲೆ ನಿಕ್ಲೆಗ್ ಇಷ್ಟ ಆಪುಂಡು
This would help reduce costs,ಉಂದು ಖರ್ಚುಲೆನ್ ಕಮ್ಮಿ ಮಲ್ಪೆರೆ ಸಹಾಯ ಮಲ್ಪುಂಡು
Their children are with them,ಅಕ್ಲೆನ ಜೋಕುಲು ಅಕ್ಲೆನ ಒಟ್ಟುಗು ಉಲ್ಲೆರ್
What can we expect from them,ಅಕ್ಲೆಡ ನಮ ದಾದ ನಿರೀಕ್ಷೆ ಮಲ್ಪೊಲಿ
I feel tired,ಎಂಕ್ ಸುಸ್ತು ಆಪುಂಡು
She looks upset,ಅಲ್ ಬೇಜಾರು ಆದ್ ತೋಜುಂಡು
He runs fast,ಆರ್ ವೇಗವಾದ್ ಓಡುವೆರ್
They are waiting,ಅಕುಲು ಕಾತೊಂದುಲ್ಲೆರ್
We must leave,ನಮ ಪೋವೊಡು
You drive slowly,ಈರ್ ನಿಧಾನವಾದ್ ಡ್ರೈವ್ ಮಲ್ಪುಲೆ
I will call,ಯಾನ್ ಕಾಲ್ ಮಲ್ಪುವೆ
She is singing,ಅಲ್ ಪಾಡೊಂದುಲ್ಲೆರ್
He likes tea,ಆಯಗ್ ಚಾ ಇಷ್ಟ
They play outside,ಅಕುಲು ಪಿದಯಿ ಆಟ ಆಡುವೆರ್
We are ready,ಎಂಕುಲು ತಯಾರ್ ಉಲ್ಲ
You look happy,ಈರ್ ಸಂತೋಷೊಡು ತೋಜುಂಡು
I forgot that,ಯಾನ್ ಅವೆನ್ ಮರೆತೊಂದುಲ್ಲೆ
She is cooking,ಅಲ್ ಅಡುಗೆ ಮಲ್ತೊಂದುಲ್ಲೆರ್
He is reading,ಆರ್ ಓದುದುಲ್ಲೆರ್
They are dancing,ಅಕುಲು ನಲಿತೊಂದುಲ್ಲೆರ್
We should try,ನಮ ಪ್ರಯತ್ನ ಮಲ್ಪೊಡು
You did well,ಈರ್ ಎಡ್ಡೆ ಮಲ್ತರ್
I will write,ಯಾನ್ ಬರೆಪೆ
She looks tired,ಅಲ್ ದಣಿದ್ ತೋಜುಂಡು
He feels cold,ಆಯಗ್ ಚಳಿ ಆಪುಂಡು
They need help,ಅಕುಲೆಗ್ ಸಹಾಯ ಬೋಡು
We must go,ನಮ ಪೋವೊಡು
You were late,ಈರ್ ತಡ ಆಯರ್
I trust you,ಯಾನ್ ನಿನನ್ ನಂಬುವೆ
She is smiling,ಅಲ್ ನಕ್ಕೊಂದುಲ್ಲೆರ್
He walks slowly,ಆರ್ ನಿಧಾನವಾದ್ ನಡತೊಂದು ಪೋಪೆರ್
They are studying,ಅಕುಲು ಅಧ್ಯಯನ ಮಲ್ತೊಂದುಲ್ಲೆರ್
We should wait,ನಮ ನಿರೀಕ್ಷೆ ಮಲ್ಪೊಡು
You look worried,ಈರ್ ಚಿಂತೆಡ್ ಉಪ್ಪುನಂಚ ತೋಜುಂಡು
I am learning,ಯಾನ್ ಕಲ್ಪೊಂದುಲ್ಲೆ
She likes music,ಅಲೆಗ್ ಸಂಗೀತ ಇಷ್ಟ
He is laughing,ಆರ್ ನಗೊಂದುಲ್ಲೆರ್
They are shouting,ಅಕುಲು ಕಿರುಚೊಂದುಲ್ಲೆರ್
We are coming,ಎಂಕುಲು ಬರೊಂದುಲ್ಲ
You did nothing,ಈರ್ ದಾಲ ಮಲ್ತೊಂದಿಜ್ಜರ್
I was busy,ಯಾನ್ ಬಿಜಿ ಆದಿತ್ತೆ
She is strong,ಆಲ್ ಗಟ್ಟಿ ಉಲ್ಲೆ
He is clever,ಆರ್ ಬುದ್ಧಿವಂತೆರ್
They are ready,ಅಕುಲು ತಯಾರ್ ಉಲ್ಲೆರ್
We must decide,ನಮ ನಿರ್ಧರಿಸೊಡು
You stay here,ಈರ್ ಮುಲ್ಪ ಉಪ್ಪುಲೆ
I feel sleepy,ಎಂಕ್ ನಿದ್ರೆ ಬರ್ಪುಂಡು
She looks weak,ಅಲ್ ದುರ್ಬಲವಾದ್ ತೋಜುಂಡು
He is hungry,ಆಯಗ್ ಬಡವು ಉಂಡು
They look confused,ಅಕುಲು ಗೊಂದಲೊಡು ಉಲ್ಲೆರ್
We will try,ನಮ ಪ್ರಯತ್ನ ಮಲ್ಪುವೆ
You know this,ನಿಕ್ಲೆಗ್ ಉಂದು ಗೊತ್ತುಂಡು
I will sleep,ಯಾನ್ ನಿದ್ರೆ ಮಲ್ಪುವೆ
She is calm,ಅಲ್ ಶಾಂತವಾದ್ ಉಲ್ಲೆ
He feels better,ಆಯಗ್ ಎಡ್ಡೆ ಆಪುಂಡು
They need water,ಅಕ್ಲೆಗ್ ನೀರ್ ಬೋಡು
We are late,ಎಂಕುಲು ತಡ ಆತ
You stay quiet,ಈರ್ ಸುಮ್ಮನೆ ಉಪ್ಪುಲೆ
I can drive,ಎಂಕ್ ಡ್ರೈವ್ ಮಲ್ಪೊಲಿ
She sings well,ಅಲ್ ಎಡ್ಡೆ ಪಾಡುವೆರ್
He is tall,ಆರ್ ಎತ್ತರ ಉಲ್ಲೆರ್
They look fine,ಅವು ಎಡ್ಡೆ ತೋಜುಂಡು
We are done,ನಮ ಮುಗಿತ್ಂಡ್
You tell me,ಈರ್ ಎಂಕ್ ಪನ್ಲೆ
I am ready,ಯಾನ್ ತಯಾರ್ ಉಲ್ಲೆ
She is angry,ಅಲೆಗ್ ಕೋಪ ಉಂಡು
He is kind,ಆರ್ ಎಡ್ಡೆ
They play well,ಅಕುಲು ಎಡ್ಡೆ ಆಟ ಆಡುವೆರ್
We must hurry,ನಮ ಬೇಗ ಮಲ್ಪೊಡು
You are safe,ಈರ್ ಸುರಕ್ಷಿತವಾದ್ ಉಲ್ಲರ್
I saw him,ಯಾನ್ ಅರೆನ್ ತೂಯೆ
She knows me,ಅಲೆಗ್ ಯಾನ್  ಗೊತ್ತುಂಡು
He is busy,ಆರ್ ಬಿಜಿ ಉಲ್ಲೆರ್
They look happy,ಅಕುಲು ಸಂತೋಷೊಡು ತೋಜುಂಡು
We are strong,ನಮ ಗಟ್ಟಿ ಉಲ್ಲ
You believe me,ಈರ್ ಎಂಕ್ ನಂಬುಲೆ
I lost it,ಯಾನ್ ಅವೆನ್ ಕಳೆವೊಂಡೆ
She is nice,ಅಲ್ ಎಡ್ಡೆ
He runs daily,ಆರ್ ದಿನೊಲ ಓಡುವೆರ್
They are fine,ಅವು ಎಡ್ಡೆ ಉಂಡು
We are waiting,ಎಂಕುಲು ಕಾತೊಂದುಲ್ಲ
You look tired,ಈರ್ ದಣಿದ್ ತೋಜುಂಡು
I feel cold,ಎಂಕ್ ಚಳಿ ಆಪುಂಡು
She is ready,ಅಲ್ ರೆಡಿ ಆತ್ಂಡ್
He looks angry,ಆರ್ ಕೋಪೊಡು ಉಲ್ಲೆರ್
They work hard,ಅಕುಲು ಕಷ್ಟೊಡು ಬೇಲೆ ಮಲ್ಪುವೆರ್
We are safe,ಎಂಕುಲು ಸುರಕ್ಷಿತವಾದ್ ಉಲ್ಲ
You are kind,ಈರ್ ಎಡ್ಡೆ
I am fine,ಯಾನ್ ಹುಷಾರ್ ಉಲ್ಲೆ
She reads fast,ಅಲ್ ಬೇಗ ಓದುವೆರ್
He is sick,ಆರ್ ಕಾಯಿಲೆಡ್ ಉಲ್ಲೆರ್
They are late,ಅಕುಲು ತಡ ಆಯೆರ್
We should stop,ನಮ ಉಂತೋಡು
You help me,ಈರ್ ಎಂಕ್ ಸಹಾಯ ಮಲ್ಪುಲೆ
I will join,ಯಾನ್ ಸೇರುವೆ
She is weak,ಅಲ್ ದುರ್ಬಲೆ ಉಲ್ಲೆ
He looks smart,ಆರ್ ಸ್ಮಾರ್ಟ್ ಆದ್ ತೋಜುಂಡು
They are near,ಆರ್ ಕೈತಲ್ ಉಲ್ಲ
We are lost,ನಮ ಸೋತುದು ಪೋತ
You look fine,ಈರ್ ಎಡ್ಡೆ ತೋಜುವೆರ್
I feel hungry,ಎಂಕ್ ಬಡಾಪುಂಡು
She is brave,ಅಲ್ ಧೈರ್ಯಶಾಲಿ
He is honest,ಆರ್ ಪ್ರಾಮಾಣಿಕೆರ್
They seem busy,ಅಕುಲು ಬಿಜಿ ಆದ್ ತೋಜುವರ್
We should talk,ನಮ ಪಾತೆರೊಡು
You are wrong,ಈರ್ ತಪ್ಪು
I found it,ಯಾನ್ ಅವೆನ್ ಕಂಡು
She is silent,ಅಲ್ ಮೌನವಾದ್ ಉಲ್ಲೆ
He looks tired,ಆರ್ ಸುಸ್ತ್ ಆದ್ ತೋಜುಂಡು
They are moving,ಅಕುಲು ಚಲಿಸೊಂದುಲ್ಲೆರ್
We are sorry,ಎಂಕುಲು ಕ್ಷಮೆ ಕೋರ್ಪೆ
You wait here,ಈರ್ ಮುಲ್ಪ ಕಾತೊಂದು ಉಪ್ಪುಲೆ
I feel fresh,ಎಂಕ್ ತಾಜಾ ಆಪುಂಡು
She is bored,ಅಲೆಗ್ ಬೇಜಾರು ಆತ್ಂಡ್
He looks happy,ಆರ್ ಸಂತೋಷೊಡು ತೋಜುಂಡು
They are fast,ಅವು ವೇಗವಾಯಿನವು
We should meet,ನಮ ಭೇಟಿ ಆವೊಡು
You tell her,ಈರ್ ಅಲೆಗ್ ಪನ್ಲೆ
I will wait,ಯಾನ್ ನಿರೀಕ್ಷೆ ಮಲ್ಪುವೆ
She is quick,ಅಲ್ ತ್ವರಿತವಾದ್ ಉಪ್ಪುವೆರ್
He is strong,ಆರ್ ಗಟ್ಟಿಯಾದ್ ಉಲ್ಲೆರ್
They are good,ಅವು ಎಡ್ಡೆ
You listen well,ಈರ್ ಎಡ್ಡೆ ಕೇನ್ಲೆ
I am calm,ಯಾನ್ ಶಾಂತ ಉಲ್ಲೆ
She is caring,ಅಲ್ ಕಾಳಜಿ ಮಲ್ತೊಂದುಲ್ಲೆರ್
He is sharp,ಆರ್ ತೀಕ್ಷ್ಣ
They are kind,ಅಕುಲು ದಯಾಳುಲು
We are okay,ಎಂಕುಲು ಸರಿ ಉಲ್ಲ
You keep trying,ಈರ್ ಪ್ರಯತ್ನ ಮಲ್ತೊಂದು ಉಪ್ಪುಲೆ
I saw her,ಯಾನ್ ಅಲೆನ್ ತೂಯೆ
He is rich,ಆರ್ ಶ್ರೀಮಂತೆ
We should walk,ನಮ ನಡತೊಂದು ಪೋವೊಡು
You sit down,ಈರ್ ಕುಲ್ಲುಲೆ
I feel strong,ಎಂಕ್ ಗಟ್ಟಿ ಅನುಭವ ಆಪುಂಡು
She is smart,ಅಲ್ ಸ್ಮಾರ್ಟ್
He is funny,ಆರ್ ತಮಾಷೆ
They are quiet,ಅಕುಲು ಸುಮ್ಮನೆ ಉಪ್ಪುವೆರ್
We are inside,ಎಂಕುಲು ಉಲಯಿ ಉಲ್ಲ
You stay safe,ಈರ್ ಸುರಕ್ಷಿತವಾದ್ ಉಪ್ಪುಲೆ
I need rest,ಎಂಕ್ ವಿಶ್ರಾಂತಿ ಬೋಡು
She is helpful,ಆರ್ ಸಹಾಯ ಮಲ್ಪುವೆರ್
He is brave,ಆರ್ ಧೈರ್ಯಶಾಲಿ
They are calm,ಅಕುಲು ಶಾಂತವಾದ್ ಉಲ್ಲೆರ್
We must try,ನಮ ಪ್ರಯತ್ನ ಮಲ್ಪೊಡು
You are late,ಈರ್ ತಡ ಆಯರ್
I will stop,ಯಾನ್ ನಿಂತುವೆ
She is fair,ಅಲ್ ನ್ಯಾಯಯುತ
He is gentle,ಆರ್ ಮೃದು
They are weak,ಅಕುಲು ದುರ್ಬಲೆರ್
We are near,ಎಂಕುಲು ಸುತ್ತ ಉಲ್ಲ
You look upset,ಈರ್ ಬೇಜಾರು ಆದ್ ತೋಜುಂಡು
I feel sad,ಎಂಕ್ ಬೇಜಾರು ಆಪುಂಡು
She is lazy,ಅಲ್ ಸೋಮಾರಿ
He is sleepy,ಆರ್ ನಿದ್ರೆಡ್ ಉಲ್ಲೆರ್
They are smiling,ಅಕುಲು ನಕ್ಕೊಂದುಲ್ಲೆರ್
We should plan,ನಮ ಯೋಜನೆ ಮಲ್ಪೊಡು
You are correct,ಈರ್ ಸರಿ ಪನ್ಪರ್
I found her,ಯಾನ್ ಅಲೆನ್ ಕಂಡು
She is neat,ಆಲ್ ಚೆನ್ನೆ ಉಲ್ಲೆ
He is loyal,ಆರ್ ನಿಷ್ಠಾವಂತೆರ್
They are brave,ಅಕುಲು ಧೈರ್ಯಶಾಲಿಲು
We must move,ನಮ ನಡಪೊಡು
You sit here,ಈರ್ ಮುಲ್ಪ ಕುಲ್ಲುಲೆ
He is shy,ಆರ್ ನಾಚಿಕೆದಕುಲು
They are loud,ಅವು ಜೋರುಡು ಉಪ್ಪುಂಡು
We are fine,ಎಂಕುಲು ಎಡ್ಡೆ ಉಲ್ಲ
You stay calm,ಈರ್ ಶಾಂತವಾದ್ ಉಪ್ಪುಲೆ
She is kind,ಅಲ್ ದಯಾಳು
He is slow,ಆರ್ ನಿಧಾನ
They are smart,ಅಕುಲು ಬುದ್ಧಿವಂತೆರ್
We should play,ನಮ ಆಟ ಆಡೊಡು
You come soon,ಈರ್ ಬೇಗ ಬಲೆ
I will go,ಯಾನ್ ಪೋಪೆ
She is tall,ಆಲ್ ಎತ್ತರ ಉಲ್ಲೆ
He is short,ಆರ್ ಎಲ್ಯ ಉಲ್ಲೆರ್
They are fun,ಅವು ಮಜಾ ಆಪುಂಡು
We must work,ನಮ ಬೇಲೆ ಮಲ್ಪೊಡು
You are sweet,ಈರ್ ಸಿಹಿ
I am fast,ಯಾನ್ ವೇಗೊಡು ಉಲ್ಲೆ
She is rich,ಆಲ್ ಶ್ರೀಮಂತೆರ್
He is poor,ಆರ್ ಬಡವೆರ್
They are strong,ಅವು ಗಟ್ಟಿ ಉಪ್ಪುಂಡು .
We should share,ನಮ ಪಾಲ್ ಮಲ್ಪೊಡು
You learn well,ಈರ್ ಎಡ್ಡೆ ಕಲ್ಪುಲೆ
I love this,ಎಂಕ್ ಉಂದು ಇಷ್ಟ
She is good,ಅಲ್ ಎಡ್ಡೆ
He is rude,ಆರ್ ಅಸಭ್ಯ
They are clean,ಅವು ಸ್ವಚ್ಛವಾದುಂಡು
You wait outside,ಈರ್ ಪಿದಯಿ ನಿರೀಕ್ಷೆ ಮಲ್ಪುಲೆ
I am slow,ಯಾನ್ ನಿಧಾನ ಉಲ್ಲೆ
They are cool,ಅವು ತಂಪು
We must rest,ನಮ ವಿಶ್ರಾಂತಿ ದೆತೊನೊಡು
You are here,ಈರ್ ಮುಲ್ಪ ಉಲ್ಲರ್
I feel nice,ಎಂಕ್ ಎಡ್ಡೆ ಅನಿಸೊಂದುಂಡು
She is sweet,ಅಲ್ ಸಿಹಿ
He is caring,ಆರ್ ಕಾಳಜಿ ಮಲ್ಪುವೆರ್
They are tired,ಅಕುಲು ಸುಸ್ತಾದ್ ಉಲ್ಲೆರ್
We are hungry,ಎಂಕ್ಲೆಗ್ ಬಂಜಿ ಉಂಡು
You look great,ಈರ್ ಮಸ್ತ್ ಎಡ್ಡೆ ತೋಜುಂಡು
I will run,ಯಾನ್ ಓಡೊಡು
She is silly,ಅಲ್ ಮೂರ್ಖೆರ್
He is angry,ಆರ್ ಕೋಪೊಡು ಉಲ್ಲೆರ್
They are cute,ಅವು ಮುದ್ದು
You help her,ಈರ್ ಅಲೆಗ್ ಸಹಾಯ ಮಲ್ಪುಲೆ
I need food,ಯೆಂಕ್ ವಣಸ್ ಬೋಡು
She is happy,ಆ ಲ್ ಖುಷಿಟ್ ಉಲ್ಲೆ
You stay near,ಈರ್ ಸಮೀಪ ಉಪ್ಪುಲೆ
I am happy,ಯಾನ್ ಸಂತೋಷೊಡು ಉಲ್ಲೆ
She is busy,ಅಲೆಗ್ ಬಿಜಿ ಉಂಡು
They are helpful,ಅವು ಸಹಾಯ ಆಪುಂಡು
You did great,ಈರ್ ಮಸ್ತ್ ಎಡ್ಡೆ ಮಲ್ತರ್
She is fine,ಅಲೆಗ್ ಎಡ್ಡೆ ಉಂಡು
He is smiling,ಆರ್ ನಗೊಂದುಲ್ಲೆರ್
They are happy,ಅಕುಲು ಖುಷಿಟ್ ಉಲ್ಲೆರ್
You are right,ಈರ್ ಸರಿ ಪನ್ಪರ್
I am angry,ಎಂಕ್ ಕೋಪ ಉಂಡು
She is fast,ಅಲ್ ವೇಗವಾದ್ ಉಲ್ಲೆ
He is bored,ಆಯಗ್ ಬೇಜಾರು ಆತ್ಂಡ್
They are funny,ಅವು ತಮಾಷೆ
You stay home,ಈರ್ ಇಲ್ಲಡ್ ಉಪ್ಪುಲೆ
She is cute,ಅಲ್ ಮುದ್ದು
He is great,ಆರ್ ಮಲ್ಲ
They are okay,ಅಕುಲು ಸರಿ ಉಲ್ಲೆರ್
You did it,ಈರ್ ಮಲ್ತರ್
I will help,ಯಾನ್ ಸಹಾಯ ಮಲ್ಪುವೆ
She is clever,ಅಲ್ ಬುದ್ಧಿವಂತೆರ್
He is nice,ಆರ್ ಎಡ್ಡೆ
We should sit,ನಮ ಕುಲ್ಲೊಡು
She is small,ಆಲ್ ಎಲ್ಯ ಉಲ್ಲೆ
He is big,ಆರ್ ಮಲ್ಲೆ
They are lazy,ಅಕುಲು ಸೋಮಾರಿಲು
We must join,ನಮ ಸೇರೊಡು
You keep going,ಈರ್ ಪೋವೊಂದು ಪೋಲೆ
I feel weak,ಎಂಕ್ ದುರ್ಬಲ ಆಪುಂಡು
He is helpful,ಆರ್ ಸಹಾಯ ಮಲ್ಪುವೆರ್
They are poor,ಅಕುಲು ಬಡವೆರ್
You wait now,ಈರ್ ಇತ್ತೆ ನಿರೀಕ್ಷೆ ಮಲ್ಪುಲೆ
I am shy,ಎಂಕ್ ನಾಚಿಕೆ ಉಂಡು
He is happy,ಆರ್ ಸಂತೋಷೊಡು ಉಲ್ಲೆರ್
We should stay,ನಮ ಉಪ್ಪೊಡು
I need peace,ಎಂಕ್ ಶಾಂತಿ ಬೋಡು
She is cool,ಅಲ್ ತಂಪು
They are neat,ಅವು ಎಡ್ಡೆ ಉಂಡು
We are free,ನಮ ಸ್ವತಂತ್ರ
You learn fast,ಈರ್ ಬೇಗ ಕಲ್ಪುಲೆ
I am strong,ಯಾನ್ ಗಟ್ಟಿ
She is slow,ಆಲ್ ನಿಧಾನ
He is cute,ಆರ್ ಮುದ್ದು
They are shy,ಅಕುಲು ನಾಚಿಕೆದಕುಲು
We must plan,ನಮ ಉಪಾಯ ಮಲ್ಪೋಡು
You are gentle,ಈರ್ ಸೌಮ್ಯ ಉಲ್ಲರ್
I will smile,ಯಾನ್ ನಗುವೆ
She is quiet,ಆಲ್ ಸುಮ್ಮನೆ ಉಲ್ಲೆ
They are silly,ಅವು ಮೂರ್ಖೆರ್
We are smart,ಎಂಕುಲು ಬುದ್ಧಿವಂತೆರ್
You stay still,ಈರ್ ನಿಶ್ಚಲವಾದ್ ಉಪ್ಪುಲೆ
I feel light,ಯೆಂಕ್ ಲೈಟ್ ಫೀಲ್ ಆಪುಂಡು
He is lazy,ಆರ್ ಸೋಮಾರಿ
They are angry,ಅಕುಲು ಕೋಪೊಡು ಉಲ್ಲೆರ್
We must stop,ನಮ ಉಂತೋಡು
You are near,ಈರ್ ಕೈತಲ್ ಉಲ್ಲ
I am quick,ಯನ್ ಬೇಗ
We are clean,ನಮ ಸ್ವಚ್ಛ ಉಲ್ಲ
I feel hot,ಎಂಕ್ ಬಿಸಿ ಆಪುಂಡು
We must wait,ನಮ ನಿರೀಕ್ಷೆ ಮಲ್ಪೊಡು
You come fast,ಈರ್ ಬೇಗ ಬರ್ಪರ್
You are ready,ಈರ್ ತಯಾರ್ ಉಲ್ಲರ್
He is quick,ಆರ್ ಬೇಗ
They are busy,ಅಕುಲು ಬಿಜಿ ಉಲ್ಲೆರ್
We must sleep,ನಮ ನಿದ್ರೆ ಮಲ್ಪೊಡು
You stay fine,ಈರ್ ಎಡ್ಡೆ ಉಪ್ಪಡ್
I am cold,ಎಂಕ್ ಚಳಿ ಉಂಡು
He is fair,ಆರ್ ನ್ಯಾಯಯುತ
She is tired,ಅಲೆಗ್ ದಣಿದ್ಂಡ್
We must run,ನಮ ಓಡೊಡು
He is good,ಆರ್ ಎಡ್ಡೆ
They are tall,ಅವು ಎತ್ತರ ಉಪ್ಪುಂಡು
You must be happy,ಈರ್ ಸಂತೋಷೊಡು ಉಪ್ಪೊಡು
I need to clean my room,ಎಂಕ್ ಎನ್ನ ಕೋಣೆನ್ ಸ್ವಚ್ಛ ಮಲ್ಪೊಡು
You have a big house,ನಿಕ್ಲೆಗ್ ಮಲ್ಲ ಇಲ್ಲ್ ಉಂಡು
You have a beautiful home,ನಿಕ್ಲೆಗ್ ಒಂಜಿ ಪೊರ್ಲುದ ಇಲ್ಲ್ ಉಂಡು
I am cutting down on sweets,ಯಾನ್ ಸಿಹಿತಿಂಡಿಲೆನ್ ಕಮ್ಮಿ ಮಲ್ತೊಂದುಲ್ಲೆ
Somebody help me,ಒರಿ ಎಂಕ್ ಸಹಾಯ ಮಲ್ಪುಲೆ
Go sit on the roof,ಪೋದು ಛಾವಣಿಡ್ ಕುಲ್ಲುಲೆ
That was last week,ಅವು ಕಡೆತ ವಾರ
You are the best person I know,ಈರ್ ಎಂಕ್ ಗೊತ್ತಿತ್ತಿನ ಎಡ್ಡೆ ವ್ಯಕ್ತಿ
Dont even look at me,ಎಂಕ್ಲೆನ್ ತೂವೊಂದಿಜ್ಜಿ
She was born to dance,ಅಲೆನ್ ನಲಿಪಾಯೆರೆ ಪುಟ್ಟುದು ಬೈದೆರ್
That is not a pencil,ಅವು ಒಂಜಿ ಪೆನ್ಸಿಲ್ ಅತ್ತ್
Wash your hands before cooking,ಅಡುಗೆ ಮಲ್ಪುನ ದುಂಬು ಕೈ ತೊಳೆಯೊಡು
Pass me the spoon,ಚಮಚೊನು ಎಂಕ್ ಕೊರ್ಲೆ
Chop the onions finely,ಈರುಳ್ಳಿನ್ ಮೃದುವಾದ್ ಕಡ್ಪುಲೆ
Peel the potatoes,ಆಲೂಗಡ್ಡೆನ್ ಸಿಪ್ಪೆ ದೆಪ್ಪುಲೆ
Add some salt,ಒಂತೆ ಉಪ್ಪು ಪಾಡ್ಲೆ
Taste the soup,ಸೂಪ್ ರುಚಿ ತೂಲೆ
Dont spill the milk,ಹಾಲು ಸುರಿಯೊಡ್ಚಿ
Boil the water,ನೀರ್ ಕುದಿಪಾಲೆ
Turn off the stove,ಸ್ಟೌವ್ ನ್ ಆಫ್ ಮಲ್ಪುಲೆ
Put the dishes in the sink,ಪಾತ್ರೆಲೆನ್ ಸಿಂಕ್ ಡ್ ಪಾಡ್ಲೆ
Serve the food hot,ತಿನ್ಪಿನ್ ಬಿಸಿ ಬಿಸಿಡ್ ಸರ್ವ್ ಮಲ್ಪುಲೆ
Wash the vegetables,ತರಕಾರಿಲೆನ್ ತೊಳೆಯೊಡು
Peel and crush the garlic,ಬೆಳ್ಳುಳ್ಳಿನ್ ಸಿಪ್ಪೆ ದೆತ್ತ್ ದ್ ಪುಡಿ ಮಲ್ಪುಲೆ
Add some lemon juice,ಒಂತೆ ನಿಂಬೆ ರಸ ಪಾಡ್ಲೆ
Break the egg carefully,ಮೊಟ್ಟೆನ್ ಎಚ್ಚ ಜಾಗ್ರತೆಡ್ ಮುರಿಲೆ
Add a pinch of sugar,ಒಂಜಿ ಪಿಂಚ್ ಸಕ್ಕರೆ ಪಾಡ್ಲೆ
Roll the chapati,ಚಪತಿನ್ ರೋಲ್ ಮಲ್ಪುಲೆ
Let it cool,ತಂಪು ಆಯೆರೆ ಬುಡ್ಲೆ
Increase the flame,ಜ್ವಾಲೆನ್ ಜಾಸ್ತಿ ಮಲ್ಪುಲೆ
Keep stirring,ಗೊಬ್ಬೊಂದು ಇಪ್ಪುಲೆ
Dont burn the garlic,ಬೆಳ್ಳುಳ್ಳಿನ್ ಸುಡಂದೆ
Bring me a plate,ಎಂಕ್ ಒಂಜಿ ತಟ್ಟೆನ್ ಕನಲೆ
Pour the juice,ರಸ ಪಾಡ್ಲೆ
Serve the salad,ಸಲಾಡ್ ನ್ ಸರ್ವ್ ಮಲ್ಪುಲೆ
Place the curry on the table,ಕಜಿಪುನ್ ಮೇಜಿದ ಮಿತ್ತ್ ದೀಲೆ
Pass me the salt please,ದಯಮಲ್ತ್ ಉಪ್ಪುನ್ ಎಂಕ್ ಕೊರ್ಲೆ
Take some more rice,ಒಂತೆ ಅರಿ ದೆತೊಲೆ
Use a knife carefully,ಒಂಜಿ ಚಾಕುನು ಎಚ್ಚರೊಡು ಬಳಕೆ ಮಲ್ಪುಲೆ
Eat slowly,ನಿಧಾನವಾದ್ ತಿನ್ಲೆ
Finish your vegetables,ನಿಕ್ಲೆನ ತರಕಾರಿಲೆನ್ ಮುಗಿಪಾಲೆ
Enjoy your meal,ನಿಕ್ಲೆನ ಊಟೊನು ಎಂಜಾಯ್ ಮಲ್ಪುಲೆ
The food smells great,ತಿನ್ಪಿನವು ಎಡ್ಡೆ ವಾಸನೆ ಬರ್ಪುಂಡು
Wash the dishes,ಪಾತ್ರೆಲೆನ್ ತೊಳೆಯೊಡು
Wipe the table,ಮೇಜಿನ್ ಒರೆಸೊಡು
Clean the sink,ಸಿಂಕ್ ನ್ ಸ್ವಚ್ಛ ಮಲ್ಪುಲೆ
Cover the food,ಊಟೊನು ಮುಚ್ಚುಲೆ
Put the leftovers in the fridge,ಉಳಿಯಿನ ನುಪ್ಪುಲೆನ್ ಫ್ರಿಜ್ ಡ್ ಪಾಡ್ಲೆ
Dry the plates,ಪ್ಲೇಟ್ ಲೆನ್ ಒರಿಪಾಲೆ
Sweep the kitchen floor,ಅಡುಗೆಮನೆತ ನೆಲನ್ ಸ್ವೀಪ್ ಮಲ್ಪುಲೆ
Dont waste water,ನೀರ್ ವ್ಯರ್ಥ ಮಲ್ಪುಜೆರ್
Dont leave dirty plates,ಕೊಳಕು ತಟ್ಟೆಲೆನ್ ಬುಡ್ದು ಪೋವೊಂದಿಜ್ಜಿ
Take the strainer,ಸ್ಟ್ರೇನರ್ ದೆತೊನ್ಲೆ
Switch on the mixer,ಮಿಕ್ಸರ್ ನ್ ಆನ್ ಮಲ್ಪುಲೆ
Put the kettle on,ಕೆಟಲ್ ನ್ ಪಾಡ್ಲೆ
Get me a clean bowl,ಎಂಕ್ ಒಂಜಿ ಸ್ವಚ್ಛ ಬಾಜನೊನು ಕೊರ್ಲೆ
The curry is too spicy,ಕಜಿಪು ಮಸ್ತ್ ಖಾರ ಉಂಡು
This dish is too salty,ಈ ಖಾದ್ಯ ಮಸ್ತ್ ಉಪ್ಪು ಉಂಡು
The chicken is overcooked,ಕೋರಿ ಜಾಸ್ತಿ ಬೆಯ್ತ್ಂಡ್
The pasta is undercooked,ಪಾಸ್ತಾ ಕಮ್ಮಿ ಬೇಯಿತ್ಂಡ್
The food is delicious,ಊಟ ರುಚಿಯಾದ್ ಉಂಡು
Make the curry,ಕಜಿಪು ಮಲ್ಪುಲೆ
Can you drop me here,ಈರ್ ಎಂಕ್ ಮುಲ್ಪ ಬುಡ್ಪಾವೊಲಿ
Please drive safely,ದಯಮಲ್ತ್ ಸುರಕ್ಷಿತವಾದ್ ಡ್ರೈವ್ ಮಲ್ಪುಲೆ
Is it far from here,ಉಂದು ಇಲ್ಲಡ್ದ್ ದೂರ ಉಂಡಾ
How much will it cost,ಉಂದೆಕ್ ಎಂಚ ಖರ್ಚು ಆಪುಂಡು
Do you accept online payment,ಈರ್ ಆನ್ ಲೈನ್ ಪಾವತಿನ್ ಸ್ವೀಕಾರ ಮಲ್ಪುಲೆ
Please stop here,ದಯಮಲ್ತ್ ಮುಲ್ಪ ನಿಲೆ ಆಲೆ
Where does this bus go,ಈ ಬಸ್ ಓಲು ಪೋಪುಂಡು
What time is the next bus,ದುಂಬುದ ಬಸ್ ಏತ್ ಗಂಟೆಗ್ ಬರ್ಪುಂಡು
Where can I buy a ticket,ಯಾನ್ ಒಂಜಿ ಟಿಕೆಟ್ ನ್ ಎಲ್ಲಿ ದೆತೊನೊಲಿ
Is this seat reserved,ಈ ಸೀಟ್ ಮೀಸಲಾತಿ ಉಂಡಾ
Can you show me on the map,ಈರ್ ಎಂಕ್ ನಕ್ಷೆಡ್ ತೋಜಾವೊಲಿ
What do you recommend,ಈರ್ ದಾದ ಶಿಫಾರಸ್ ಮಲ್ಪುಲೆ
Can I have the bill please,ದಯಮಲ್ತ್ ಬಿಲ್ ದೆತೊನೊಲಿಯಾ
How much does this cost,ಉಂದೆಕ್ ಎಂಚ ಖರ್ಚು ಆಪುಂಡು
I lost my passport,ಎಂಕ್ ಎನ್ನ ಪಾಸ್ ಪೋರ್ಟ್ ಕಳೆವೊಂಡೆ
Can you take a photo of me,ಎಂಕ್ಲೆನ ಒಂಜಿ ಫೋಟೋ ದೆತೊನೊಲಿಯಾ
What is the best time to visit this place,ಈ ಜಾಗೆಗ್ ಪೋಯೆರೆ ಎಡ್ಡೆ ಸಮಯ ದಾದ
I am here for tourism,ಯಾನ್ ಪ್ರವಾಸೋದ್ಯಮೊಗು ಉಲ್ಲೆ
How much is the entrance fee,ಪ್ರವೇಶ ಶುಲ್ಕ ಎಂಚ ಉಂಡು
Can I take pictures here,ಯಾನ್ ಮುಲ್ಪ ಚಿತ್ರೊಲೆನ್ ದೆತೊನೊಲಿ
How long will it take to walk there,ಅಲ್ಪ ನಡಪೆರೆ ಎಂಚ ಸಮಯ ಬೋಡು
Sorry  I am late,ಕ್ಷಮೆ ಮಲ್ಪುಲೆ ಎಂಕ್ ತಡ ಆಂಡ್
Please repeat once more,ದಯಮಲ್ತ್ ಒಂಜಿ ಸರ್ತಿ ಪುನರಾವರ್ತಿಸಲೆ
When is the assignment due,ನಿಯೋಜನೆ ಏಪ ಮಲ್ಪೊಡು
Can I borrow your notes,ನಿಕ್ಲೆನ ಟಿಪ್ಪಣಿಲೆನ್ ಎಂಕ್ ಎರವಲು ದೆತೊನೊಲಿ
Are we having a test today,ಇನಿ ನಮ ಒಂಜಿ ಪರೀಕ್ಷೆ ಮಲ್ತೊಂದುಲ್ಲ
Can I leave early today,ಇನಿ ದುಂಬು ಪೋವೊಲಿಯಾ
Do we have a class tomorrow,ನಾಳೆ ನಮಕ್ ಕ್ಲಾಸ್ ಉಂಡಾ
Is attendance compulsory,ಹಾಜರಾತಿ ಕಡ್ಡಾಯ ಉಂಡಾ
Can I ask a question,ಯಾನ್ ಒಂಜಿ ಪ್ರಶ್ನೆ ಕೇನೊಲಿ
Where is the seminar hall,ಸೆಮಿನಾರ್ ಹಾಲ್  ಒಲುಂಡು
Where is the notice board,ನೋಟಿಸ್ ಬೋರ್ಡ್ ಒಲುಂಡು
How do I apply for a leave,ರಜೆಗ್ ಎಂಚ ಅರ್ಜಿ ಸಲ್ಲಿಸೊಲಿ
Who is the class representative,ವರ್ಗದ ಪ್ರತಿನಿಧಿ ಯೆರ್
Is this important for the exam,ಪರೀಕ್ಷೆಗ್ ಉಂದು ಮುಖ್ಯವಾ
Where can I collect my hall ticket,ಎಂಕ್ ಎನ್ನ ಹಾಲ್ ಟಿಕೆಟ್ ನ್ ಎಲ್ಲಿಡ್ದ್ ದೆತೊನೊಲಿ
Best wishes on your wedding day,ನಿಕ್ಲೆನ ಮದಿಮೆದ ದಿನೊತ ಶುಭಾಶಯೊಲು
You both look perfect together,ಈರ್ ರಡ್ಡ್ ಜನಲಾ ಒಟ್ಟುಗು ಪರಿಪೂರ್ಣವಾದ್ ತೋಜುಂಡು
Enjoy the party,ಪಾರ್ಟಿನ್ ಎಂಜಾಯ್ ಮಲ್ಪುಲೆ
The decorations are beautiful,ಅಲಂಕಾರೊಲು ಪೊರ್ಲು ಉಂಡು
The dance floor is open,ನಲಿಕೆದ ಮೈದಾನ ತೆರೆದಿತ್ತ್ಂಡ್ .
Happy married life,ಸುಖದ ಮದಿಮೆದ ಜೀವನ
The groom looks so handsome,ಮದಿಮಾಯೆ ಮಸ್ತ್ ಪೊರ್ಲು ತೋಜುಂಡು
The music is amazing,ಸಂಗೀತ ಅದ್ಭುತವಾಯಿನವು
You both look so happy,ನಿಕುಲು ರಡ್ಡ್ ಜನಲಾ ಮಸ್ತ್ ಸಂತೋಷೊಡು ತೋಜುಲೆ
Please hurry up,ದಯಮಲ್ತ್ ಬೇಗ ಮಲ್ಪುಲೆ
check the quality,ಗುಣಮಟ್ಟೊನು ತೂಲೆ
No bargaining fixed price,ನಿಶ್ಚಿತ ಬೆಲೆ ಚೌಕಾಸಿ ಇಜ್ಜಿ
Can I get a carry bag,ಯಾನ್ ಒಂಜಿ ಕ್ಯಾರಿ ಬ್ಯಾಗ್ ದೆತೊನೊಲಿಯಾ
